,distid_nerds,schoolid_stateassigned,distname_nerds,schoolname_nerds,enroll_raw_TX,pp_stloc_raw_TX,CEID,distname_ed,SiteID,schoolname_ed,distid_ed,CECounty,SiteCounty,SiteISP,school_id
0,15901.0,15901102,ALAMO HEIGHTS ISD,HOWARD EL,399,10274.96023,78,ALAMO HEIGHTS ISD,102,HOWARD EL,15901,BEXAR,BEXAR,30.13,15901102
1,15901.0,15901104,ALAMO HEIGHTS ISD,WOODRIDGE EL,886,8472.334459,78,ALAMO HEIGHTS ISD,104,WOODRIDGE EL,15901,BEXAR,BEXAR,21.97,15901104
2,15901.0,15901001,ALAMO HEIGHTS ISD,ALAMO HEIGHTS H S,1601,9512.974233,78,ALAMO HEIGHTS ISD,1,ALAMO HEIGHTS H S,15901,BEXAR,BEXAR,19.15,15901001
3,15901.0,15901041,ALAMO HEIGHTS ISD,ALAMO HEIGHTS J H,1121,8145.541174,78,ALAMO HEIGHTS ISD,41,ALAMO HEIGHTS J H,15901,BEXAR,BEXAR,22.47,15901041
4,15901.0,15901101,ALAMO HEIGHTS ISD,CAMBRIDGE EL,836,8850.318342,78,ALAMO HEIGHTS ISD,101,CAMBRIDGE EL,15901,BEXAR,BEXAR,24.48,15901101
5,130901.0,130901103,BOERNE ISD,FAIR OAKS RANCH EL,603,7915.687889,688,BOERNE ISD,103,FAIR OAKS RANCH EL,130901,KENDALL,KENDALL,4.24,130901103
6,130901.0,130901101,BOERNE ISD,CURINGTON EL,698,7475.845346,688,BOERNE ISD,101,CURINGTON EL,130901,KENDALL,KENDALL,25.34,130901101
7,130901.0,130901001,BOERNE ISD,BOERNE H S,1133,8487.374978,688,BOERNE ISD,1,BOERNE H S,130901,KENDALL,KENDALL,11.13,130901001
8,130901.0,130901102,BOERNE ISD,FABRA EL,578,7834.191392,688,BOERNE ISD,102,FABRA EL,130901,KENDALL,KENDALL,25.31,130901102
9,130901.0,130901105,BOERNE ISD,CIBOLO CREEK EL,766,7124.651907,688,BOERNE ISD,105,CIBOLO CREEK ELEMENTARY,130901,KENDALL,KENDALL,10.84,130901105
10,130901.0,130901002,BOERNE ISD,BOERNE - SAMUEL V CHAMPION H S,1738,7632.543971,688,BOERNE ISD,2,BOERNE-SAMUEL V. CHAMPION HIGH SCHOOL,130901,KENDALL,KENDALL,6.17,130901002
11,130901.0,130901041,BOERNE ISD,BOERNE MIDDLE NORTH,870,7528.024825,688,BOERNE ISD,41,BOERNE MIDDLE NORTH,130901,KENDALL,KENDALL,20.17,130901041
12,130901.0,130901106,BOERNE ISD,VAN RAUB EL,758,6962.437026,688,BOERNE ISD,106,Van Raub Elementary School,130901,KENDALL,BEXAR,,130901106
13,130901.0,130901104,BOERNE ISD,KENDALL EL,713,7693.108493,688,BOERNE ISD,104,KENDALL ELEMENTARY,130901,KENDALL,KENDALL,18.88,130901104
14,130901.0,130901042,BOERNE ISD,BOERNE MIDDLE SOUTH,1276,6618.638461,688,BOERNE ISD,42,BOERNE MIDDLE SOUTH,130901,KENDALL,KENDALL,7.8,130901042
15,46902.0,46902120,COMAL ISD,MT VALLEY EL,469,8708.783135,215,COMAL ISD,120,MOUNTAIN VALLEY ELEMENTARY,46902,COMAL,COMAL,36.4,46902120
16,46902.0,46902045,COMAL ISD,CHURCH HILL MIDDLE,923,7147.275869,215,COMAL ISD,45,CHURCH HILL MIDDLE SCHOOL,46902,COMAL,COMAL,19.79,46902045
17,46902.0,46902105,COMAL ISD,STARTZVILLE EL,417,7656.280377,215,COMAL ISD,105,STARTVILLE ELEMENTARY SCHOOL,46902,COMAL,COMAL,45.24,46902105
18,46902.0,46902107,COMAL ISD,BILL BROWN EL,702,6913.444502,215,COMAL ISD,107,BILL BROWN ELEMENTARY SCHOOL,46902,COMAL,COMAL,19.39,46902107
19,46902.0,46902048,COMAL ISD,DANVILLE MIDDLE,705,10366.21536,215,COMAL ISD,48,DANVILLE MIDDLE SCHOOL,46902,COMAL,COMAL,,46902048
20,46902.0,46902044,COMAL ISD,SPRING BRANCH MIDDLE,559,9486.595731,215,COMAL ISD,44,SPRING BRANCH MIDDLE,46902,COMAL,COMAL,14.73,46902044
21,46902.0,46902113,COMAL ISD,REBECCA CREEK EL,555,6712.045572,215,COMAL ISD,113,REBECCA CREEK ELEMENTARY SCHOOL,46902,COMAL,COMAL,34.32,46902113
22,46902.0,46902003,COMAL ISD,CANYON LAKE H S,1045,10484.79724,215,COMAL ISD,3,CANYON LAKE HIGH SCHOOL,46902,COMAL,COMAL,25.65,46902003
23,46902.0,46902112,COMAL ISD,HOFFMANN LANE EL,794,6504.350912,215,COMAL ISD,112,HOFFMANN LANE ELEMENTARY SCHOOL,46902,COMAL,COMAL,5.79,46902112
24,46902.0,46902046,COMAL ISD,MT VALLEY MIDDLE,758,7607.122869,215,COMAL ISD,46,MT VALLEY MIDDLE,46902,COMAL,COMAL,29.41,46902046
25,46902.0,46902101,COMAL ISD,RAHE BULVERDE EL,432,8637.333035,215,COMAL ISD,101,RAHE-BULVERDE El SCHOOL,46902,COMAL,COMAL,16.67,46902101
26,46902.0,46902121,COMAL ISD,JOHNSON RANCH EL,504,8168.247717,215,COMAL ISD,121,JOHNSON RANCH ELEMENTARY,46902,COMAL,COMAL,11.44,46902121
27,46902.0,46902042,COMAL ISD,CANYON MIDDLE,723,8667.195817,215,COMAL ISD,42,CANYON MIDDLE,46902,COMAL,COMAL,26.01,46902042
28,46902.0,46902117,COMAL ISD,MORNINGSIDE EL,723,6754.847269,215,COMAL ISD,117,MORNINGSIDE EL,46902,COMAL,COMAL,46.8,46902117
29,46902.0,46902122,COMAL ISD,KINDER RANCH EL,548,7837.873688,215,COMAL ISD,122,KINDER RANCH ELEMENTARY,46902,COMAL,COMAL,21.41,46902122
30,46902.0,46902002,COMAL ISD,SMITHSON VALLEY H S,2849,7248.860759,215,COMAL ISD,2,SMITHSON VALLEY HIGH SCHOOL,46902,COMAL,COMAL,8.22,46902002
31,46902.0,46902102,COMAL ISD,GARDEN RIDGE EL,843,7005.53168,215,COMAL ISD,102,GARDEN RIDGE ELEMENTARY SCHOOL,46902,COMAL,COMAL,13.92,46902102
32,46902.0,46902123,COMAL ISD,OAK CREEK EL,501,9029.964189,215,COMAL ISD,123,OAK CREEK ELEMENTARY,46902,COMAL,COMAL,23.19,46902123
33,46902.0,46902047,COMAL ISD,PIEPER RANCH MIDDLE,1254,8172.96375,215,COMAL ISD,47,Pieper Ranch Middle,46902,COMAL,BEXAR,,46902047
34,46902.0,46902001,COMAL ISD,CANYON H S,2698,7799.807203,215,COMAL ISD,1,CANYON HIGH SCHOOL,46902,COMAL,COMAL,15.46,46902001
35,46902.0,46902115,COMAL ISD,FREIHEIT EL,689,8145.272782,215,COMAL ISD,115,FREIHEIT ELEMENTARY,46902,COMAL,COMAL,38.65,46902115
36,46902.0,46902041,COMAL ISD,SMITHSON VALLEY MIDDLE,667,8111.565939,215,COMAL ISD,41,SMITHSON VALLEY MIDDLE,46902,COMAL,COMAL,7.85,46902041
37,46902.0,46902111,COMAL ISD,MH SPECHT EL,794,7090.092725,215,COMAL ISD,111,MH SPECHT ELEMENTARY SCHOOL,46902,COMAL,COMAL,14.23,46902111
38,46902.0,46902119,COMAL ISD,CLEAR SPRING EL,757,6585.091419,215,COMAL ISD,119,CLEAR SPRINGS EL,46902,COMAL,COMAL,29.41,46902119
39,46902.0,46902104,COMAL ISD,GOODWIN FRAZIER EL,641,7753.612004,215,COMAL ISD,104,GOODWIN FRAZIER ELEMENTARY SCHOOL,46902,COMAL,COMAL,47.04,46902104
40,46902.0,46902125,COMAL ISD,INDIAN SPRINGS EL,806,6192.875666,215,COMAL ISD,125,INDIAN SPRINGS ELEMENTARY,46902,COMAL,COMAL,7.01,46902125
41,46902.0,46902110,COMAL ISD,ARLON R SEAY EL,391,7811.983965,215,COMAL ISD,110,ARLON R. SEAY INTERMEDIATE,46902,COMAL,COMAL,14.03,46902110
42,46902.0,46902114,COMAL ISD,TIMBERWOOD PARK EL,690,7034.407069,215,COMAL ISD,114,TIMBERWOOD PARK ELEMENTARY,46902,COMAL,COMAL,7.79,46902114
43,46902.0,46902007,COMAL ISD,MEMORIAL EARLY COLLEGE H S WITH ST,345,8254.533155,215,COMAL ISD,7,MEMORIAL EARLY COLLEGE HIGH SCHOOL,46902,COMAL,COMAL,15.07,46902007
44,15911.0,15911043,EAST CENTRAL ISD,EAST CENTRAL HERITAGE MIDDLE,1230,6975.582285,86,EAST CENTRAL ISD,43,EAST CENTRAL HERITAGE MIDDLE,15911,BEXAR,BEXAR,41.8,15911043
45,15911.0,15911104,EAST CENTRAL ISD,SINCLAIR EL,505,8429.297579,86,EAST CENTRAL ISD,104,SINCLAIR EL,15911,BEXAR,BEXAR,51.38,15911104
46,15911.0,15911110,EAST CENTRAL ISD,OAK CREST EL,745,7988.717501,86,EAST CENTRAL ISD,110,OAK CREST EL,15911,BEXAR,BEXAR,45.03,15911110
47,15911.0,15911042,EAST CENTRAL ISD,SALADO INT,713,7862.646241,86,EAST CENTRAL ISD,42,SALADO INT,15911,BEXAR,BEXAR,50.0,15911042
48,15911.0,15911103,EAST CENTRAL ISD,PECAN VALLEY EL,549,8433.095097,86,EAST CENTRAL ISD,103,PECAN VALLEY EL,15911,BEXAR,BEXAR,57.35,15911103
49,15911.0,15911108,EAST CENTRAL ISD,TRADITION EL,775,7804.57993,86,EAST CENTRAL ISD,108,TRADITION EL,15911,BEXAR,BEXAR,38.79,15911108
50,15911.0,15911102,EAST CENTRAL ISD,HARMONY EL,458,9248.932436,86,EAST CENTRAL ISD,102,HARMONY EL,15911,BEXAR,BEXAR,58.97,15911102
51,15911.0,15911106,EAST CENTRAL ISD,HIGHLAND FOREST EL,490,8995.191477,86,EAST CENTRAL ISD,106,HIGHLAND FOREST ELEMENTARY,15911,BEXAR,BEXAR,48.73,15911106
52,15911.0,15911044,EAST CENTRAL ISD,LEGACY MIDDLE,1192,7352.046024,86,EAST CENTRAL ISD,44,LEGACY MIDDLE SCHOOL,15911,BEXAR,BEXAR,45.13,15911044
53,15911.0,15911001,EAST CENTRAL ISD,EAST CENTRAL H S,3099,7742.189852,86,EAST CENTRAL ISD,1,EAST CENTRAL H S,15911,BEXAR,BEXAR,36.03,15911001
54,15911.0,15911105,EAST CENTRAL ISD,EAST CENTRAL DEV CTR,112,15232.77847,86,EAST CENTRAL ISD,105,EAST CENTRAL DEV CTR,15911,BEXAR,BEXAR,63.73,15911105
55,15914.0,15914001,FT SAM HOUSTON ISD,ROBERT G COLE MIDDLE/HIGH SCHOOL,717,16765.25143,89,FT SAM HOUSTON ISD,1,ROBERT G COLE JR-SR HIGH SCHOOL,15914,BEXAR,BEXAR,3.23,15914001
56,15914.0,15914101,FT SAM HOUSTON ISD,FT SAM HOUSTON EL,869,13047.49566,89,FT SAM HOUSTON ISD,101,FT SAM HOUSTON EL,15914,BEXAR,BEXAR,3.96,15914101
57,,,,,,,79,HARLANDALE ISD,46,HISD BOOT DAEP MS,15904,BEXAR,BEXAR,80.0,15904046
58,15904.0,15904103,HARLANDALE ISD,COLLIER EL,491,9350.3393,79,HARLANDALE ISD,103,COLLIER EL,15904,BEXAR,BEXAR,73.91,15904103
59,15904.0,15904010,HARLANDALE ISD,FENLEY TRANSITIONAL H S,9,70472.92676,79,HARLANDALE ISD,10,FENLEY TRANSITIONAL HIGH,15904,BEXAR,BEXAR,57.14,15904010
60,15904.0,15904043,HARLANDALE ISD,TERRELL WELLS MIDDLE,708,9875.37262,79,HARLANDALE ISD,43,TERRELL WELLS MIDDLE,15904,BEXAR,BEXAR,56.99,15904043
61,15904.0,15904108,HARLANDALE ISD,H W SCHULZE EL,734,8942.886648,79,HARLANDALE ISD,108,H W SCHULZE EL,15904,BEXAR,BEXAR,64.53,15904108
62,15904.0,15904047,HARLANDALE ISD,FENLEY TRANSITIONAL MIDDLE,5,16983.03787,79,HARLANDALE ISD,47,FENLY TRANSITIONAL MIDDLE,15904,BEXAR,BEXAR,40.0,15904047
63,15904.0,15904104,HARLANDALE ISD,COLUMBIA HEIGHTS EL,414,10446.6828,79,HARLANDALE ISD,104,COLUMBIA HEIGHTS ELEMENTARY,15904,BEXAR,BEXAR,62.87,15904104
64,15904.0,15904048,HARLANDALE ISD,TEJEDA JUNIOR ACADEMY,NRD,NRD,79,HARLANDALE ISD,48,TEJEDA JUNIOR ACADEMY,15904,BEXAR,BEXAR,68.42,15904048
65,15904.0,15904114,HARLANDALE ISD,WRIGHT EL,497,8846.086164,79,HARLANDALE ISD,114,WRIGHT EL,15904,BEXAR,BEXAR,71.62,15904114
66,15904.0,15904107,HARLANDALE ISD,GILLETTE EL,588,9026.951139,79,HARLANDALE ISD,107,GILLETTE EL,15904,BEXAR,BEXAR,72.64,15904107
67,,,,,,,79,HARLANDALE ISD,8,HISD BOOT DAEP HS,15904,BEXAR,BEXAR,80.0,15904008
68,15904.0,15904042,HARLANDALE ISD,A LEAL JR MIDDLE,771,10491.24799,79,HARLANDALE ISD,42,A LEAL JR MIDDLE,15904,BEXAR,BEXAR,58.61,15904042
69,15904.0,15904113,HARLANDALE ISD,VESTAL EL,429,9880.042536,79,HARLANDALE ISD,113,VESTAL EL,15904,BEXAR,BEXAR,76.82,15904113
70,15904.0,15904001,HARLANDALE ISD,HARLANDALE H S,1817,9990.272326,79,HARLANDALE ISD,1,HARLANDALE H S,15904,BEXAR,BEXAR,50.03,15904001
71,15904.0,15904101,HARLANDALE ISD,CARROLL BELL EL,488,9047.974349,79,HARLANDALE ISD,101,CARROLL BELL EL,15904,BEXAR,BEXAR,64.17,15904101
72,15904.0,15904115,HARLANDALE ISD,JEWEL C WIETZEL CENTER,27,41217.40824,79,HARLANDALE ISD,115,JEWEL C. WIETZEL CENTER,15904,BEXAR,BEXAR,22.22,15904115
73,15904.0,15904044,HARLANDALE ISD,KINGSBOROUGH MIDDLE,654,10132.95072,79,HARLANDALE ISD,44,KINGSBOROUGH MIDDLE,15904,BEXAR,BEXAR,55.18,15904044
74,15904.0,15904041,HARLANDALE ISD,HARLANDALE MIDDLE,837,9622.894505,79,HARLANDALE ISD,41,HARLANDALE MIDDLE,15904,BEXAR,BEXAR,64.12,15904041
75,15904.0,15904106,HARLANDALE ISD,V M ADAMS EL,741,8911.65056,79,HARLANDALE ISD,106,V M ADAMS EL,15904,BEXAR,BEXAR,75.32,15904106
76,15904.0,15904004,HARLANDALE ISD,FRANK M TEJEDA ACADEMY,149,19577.07143,79,HARLANDALE ISD,4,FRANK M TEJEDA ACADEMY,15904,BEXAR,BEXAR,62.82,15904004
77,15904.0,15904110,HARLANDALE ISD,RAYBURN EL,420,9634.854541,79,HARLANDALE ISD,110,RAYBURN EL,15904,BEXAR,BEXAR,71.13,15904110
78,15904.0,15904002,HARLANDALE ISD,MCCOLLUM H S,1525,10697.31066,79,HARLANDALE ISD,2,MCCOLLUM H S,15904,BEXAR,BEXAR,46.36,15904002
79,15904.0,15904116,HARLANDALE ISD,E H GILBERT EL,559,8995.213187,79,HARLANDALE ISD,116,E H GILBERT EL,15904,BEXAR,BEXAR,82.86,15904116
80,15904.0,15904102,HARLANDALE ISD,BELLAIRE EL,618,9371.453732,79,HARLANDALE ISD,102,BELLAIRE EL,15904,BEXAR,BEXAR,69.33,15904102
81,15904.0,15904045,HARLANDALE ISD,HAC DAEP MIDDLE,NRD,NRD,79,HARLANDALE ISD,45,HAC DAEP MS,15904,BEXAR,BEXAR,84.38,15904045
82,15904.0,15904011,HARLANDALE ISD,HARLANDALE ISD STEM ECHS-ALAMO COL,359,8130.388849,79,HARLANDALE ISD,11,EARLY COLLEGE HIGH SCHOOL,15904,BEXAR,BEXAR,37.54,15904011
83,15904.0,15904109,HARLANDALE ISD,MORRILL EL,441,9322.645584,79,HARLANDALE ISD,109,MORRILL EL,15904,BEXAR,BEXAR,68.87,15904109
84,15904.0,15904003,HARLANDALE ISD,HAC DAEP H S,15,123294.1045,79,HARLANDALE ISD,3,HAC DAEP H S,15904,BEXAR,BEXAR,66.67,15904003
85,15904.0,15904105,HARLANDALE ISD,STONEWALL/FLANDERS EL,715,9504.127384,79,HARLANDALE ISD,105,STONEWALL/FLANDERS ELEMENTARY,15904,BEXAR,BEXAR,79.76,15904105
86,15904.0,15904117,HARLANDALE ISD,COLLIER DAEP,NRD,NRD,79,HARLANDALE ISD,117,COLLIER DAEP,15904,BEXAR,BEXAR,50.0,15904117
87,15916.0,15916102,JUDSON ISD,HOPKINS EL,741,7270.318266,91,JUDSON ISD,102,HOPKINS EL,15916,BEXAR,BEXAR,64.26,15916102
88,15916.0,15916114,JUDSON ISD,WILLIAM PASCHALL EL,620,7727.581043,91,JUDSON ISD,114,WILLIAM PASCHALL ELEMENTARY,15916,BEXAR,BEXAR,57.66,15916114
89,15916.0,15916123,JUDSON ISD,ESCONDIDO EL,449,8147.035584,91,JUDSON ISD,123,ESCONDIDO EL,15916,BEXAR,BEXAR,,15916123
90,15916.0,15916041,JUDSON ISD,KIRBY MIDDLE,723,9278.433015,91,JUDSON ISD,41,KIRBY MIDDLE,15916,BEXAR,BEXAR,62.86,15916041
91,15916.0,15916003,JUDSON ISD,JUDSON LEARNING ACAD,85,8800.200683,91,JUDSON ISD,3,JUDSON LEARNING ACADEMY,15916,BEXAR,BEXAR,48.28,15916003
92,15916.0,15916106,JUDSON ISD,CRESTVIEW EL,567,8021.901419,91,JUDSON ISD,106,CRESTVIEW EL,15916,BEXAR,BEXAR,40.65,15916106
93,15916.0,15916119,JUDSON ISD,COPPERFIELD EL,709,6843.332749,91,JUDSON ISD,119,COPPERFIELD EL,15916,BEXAR,BEXAR,38.49,15916119
94,15916.0,15916101,JUDSON ISD,CONVERSE EL,529,7624.841715,91,JUDSON ISD,101,CONVERSE EL,15916,BEXAR,BEXAR,47.06,15916101
95,15916.0,15916115,JUDSON ISD,MARY LOU HARTMAN,725,7379.931555,91,JUDSON ISD,115,MARY LOU HARTMAN ELEMENTARY,15916,BEXAR,BEXAR,46.37,15916115
96,15916.0,15916042,JUDSON ISD,KITTY HAWK MIDDLE,1353,7309.746381,91,JUDSON ISD,42,KITTY HAWK MIDDLE,15916,BEXAR,BEXAR,32.52,15916042
97,15916.0,15916111,JUDSON ISD,MILLER POINT EL,556,7959.301106,91,JUDSON ISD,111,MILLER POINT EL,15916,BEXAR,BEXAR,49.2,15916111
98,15916.0,15916008,JUDSON ISD,KAREN WAGNER H S,2137,8704.896254,91,JUDSON ISD,8,WAGNER HIGH SCHOOL,15916,BEXAR,BEXAR,43.23,15916008
99,15916.0,15916001,JUDSON ISD,JUDSON H S,2712,8209.073978,91,JUDSON ISD,1,JUDSON HIGH SCHOOL,15916,BEXAR,BEXAR,29.6,15916001
100,15916.0,15916118,JUDSON ISD,ROLLING MEADOWS EL,728,7192.159118,91,JUDSON ISD,118,ROLLING MEADOWS ELEMENTARY,15916,BEXAR,BEXAR,24.03,15916118
101,15916.0,15916105,JUDSON ISD,PARK VILLAGE EL,490,8388.586277,91,JUDSON ISD,105,PARK VILLAGE EL,15916,BEXAR,BEXAR,79.76,15916105
102,15916.0,15916104,JUDSON ISD,CORONADO VILLAGE EL,362,9436.142574,91,JUDSON ISD,104,CORONADO VILLAGE EL,15916,BEXAR,BEXAR,43.26,15916104
103,15916.0,15916116,JUDSON ISD,RICARDO SALINAS EL,674,7093.981517,91,JUDSON ISD,116,RICARDO SALINAS ELEMENTARY,15916,BEXAR,BEXAR,38.63,15916116
104,15916.0,15916109,JUDSON ISD,OLYMPIA EL,403,8752.314914,91,JUDSON ISD,109,OLYMPIA EL,15916,BEXAR,BEXAR,33.93,15916109
105,15916.0,15916110,JUDSON ISD,SPRING MEADOWS EL,605,8217.099078,91,JUDSON ISD,110,SPRING MEADOWS EL,15916,BEXAR,BEXAR,49.09,15916110
106,15916.0,15916043,JUDSON ISD,WOODLAKE HILLS MIDDLE,823,8532.08801,91,JUDSON ISD,43,WOODLAKE HILLS MIDDLE,15916,BEXAR,BEXAR,48.96,15916043
107,15916.0,15916009,JUDSON ISD,JUDSON EARLY COLLEGE ACADEMY,481,6300.70456,91,JUDSON ISD,9,JUDSON EARLY COLLEGE ACADEMY,15916,BEXAR,BEXAR,18.34,15916009
108,15916.0,15916112,JUDSON ISD,CANDLEWOOD EL,626,7390.033816,91,JUDSON ISD,112,CANDLEWOOD EL,15916,BEXAR,BEXAR,66.4,15916112
109,15916.0,15916117,JUDSON ISD,JAMES L MASTERS,371,8802.940686,91,JUDSON ISD,117,JAMES L. MASTERS ELEMENTARY,15916,BEXAR,BEXAR,38.95,15916117
110,15916.0,15916044,JUDSON ISD,HENRY METZGER MIDDLE,983,7616.631752,91,JUDSON ISD,44,METZGER MIDDLE SCHOOL,15916,BEXAR,BEXAR,49.14,15916044
111,15916.0,15916124,JUDSON ISD,WORTHAM OAKS EL,279,10460.47262,91,JUDSON ISD,124,Wortham Oaks Elementary,15916,BEXAR,BEXAR,,15916124
112,15916.0,15916103,JUDSON ISD,ED FRANZ EL,404,8234.31204,91,JUDSON ISD,103,ED FRANZ EL,15916,BEXAR,BEXAR,52.37,15916103
113,15916.0,15916107,JUDSON ISD,WOODLAKE EL,573,7525.972123,91,JUDSON ISD,107,WOODLAKE EL,15916,BEXAR,BEXAR,53.33,15916107
114,15916.0,15916005,JUDSON ISD,JUDSON CARE ACADEMY,65,46722.70747,91,JUDSON ISD,5,ALTER SCH,15916,BEXAR,BEXAR,64.81,15916005
115,15916.0,15916045,JUDSON ISD,JUDSON MIDDLE,1245,7372.920692,91,JUDSON ISD,45,JUDSON MIDDLE SCHOOL,15916,BEXAR,BEXAR,37.22,15916045
116,15916.0,15916113,JUDSON ISD,ELOLF EL,494,7844.086822,91,JUDSON ISD,113,ELOLF EL,15916,BEXAR,BEXAR,51.07,15916113
117,15916.0,15916010,JUDSON ISD,VETERANS MEMORIAL H S,1333,8822.563226,91,JUDSON ISD,10,VETERANS MEMORIAL H S,15916,BEXAR,BEXAR,27.61,15916010
118,15913.0,15913001,LACKLAND ISD,VIRGINIA ALLRED STACEY JR/SR H S,407,14464.65866,88,LACKLAND ISD,1,VIRGINIA ALLRED STACEY JR/SR H S,15913,BEXAR,BEXAR,0.77,15913001
119,15913.0,15913101,LACKLAND ISD,LACKLAND EL,664,12724.94113,88,LACKLAND ISD,101,LACKLAND EL,15913,BEXAR,BEXAR,2.34,15913101
120,163908.0,163908106,MEDINA VALLEY ISD,LUCKEY RANCH EL,726,6994.150511,804,MEDINA VALLEY ISD,106,LUCKEY RANCH EL,163908,MEDINA,BEXAR,,163908106
121,163908.0,163908042,MEDINA VALLEY ISD,MEDINA VALLEY MIDDLE,609,8502.876759,804,MEDINA VALLEY ISD,42,MEDINA VALLEY MIDDLE SCHOOL,163908,MEDINA,MEDINA,38.84,163908042
122,163908.0,163908043,MEDINA VALLEY ISD,MEDINA VALLEY LOMA ALTA MIDDLE,692,8052.750453,804,MEDINA VALLEY ISD,43,MEDINA VALLEY LOMA ALTA MIDDLE,163908,MEDINA,MEDINA,,163908043
123,163908.0,163908105,MEDINA VALLEY ISD,POTRANCO EL,692,7127.088603,804,MEDINA VALLEY ISD,105,POTRANCO ELEMENTARY,163908,MEDINA,MEDINA,35.45,163908105
124,163908.0,163908103,MEDINA VALLEY ISD,CASTROVILLE EL,627,7318.072869,804,MEDINA VALLEY ISD,103,CASTROVILLE EL,163908,MEDINA,MEDINA,51.33,163908103
125,163908.0,163908104,MEDINA VALLEY ISD,LACOSTE EL,527,8648.344104,804,MEDINA VALLEY ISD,104,LACOSTE EL,163908,MEDINA,MEDINA,54.38,163908104
126,,,,,,,804,MEDINA VALLEY ISD,109,LUCKEY RANCH ELEMENTARY,163908,MEDINA,BEXAR,,163908109
127,163908.0,163908001,MEDINA VALLEY ISD,MEDINA VALLEY H S,1550,8359.12862,804,MEDINA VALLEY ISD,1,MEDINA VALLEY H S,163908,MEDINA,MEDINA,37.22,163908001
128,15910.0,15910056,NORTH EAST ISD,TEJEDA MIDDLE,1184,6901.33292,85,NORTH EAST ISD,56,FRANK TEJEDA MIDDLE SCHOOL,15910,BEXAR,BEXAR,12.15,15910056
129,15910.0,15910135,NORTH EAST ISD,HUEBNER EL,670,8342.664137,85,NORTH EAST ISD,135,HUEBNER ROAD EL,15910,BEXAR,BEXAR,17.48,15910135
130,15910.0,15910102,NORTH EAST ISD,COKER EL,858,7748.203632,85,NORTH EAST ISD,102,COKER EL,15910,BEXAR,BEXAR,29.5,15910102
131,15910.0,15910045,NORTH EAST ISD,JACKSON MIDDLE,722,10537.22792,85,NORTH EAST ISD,45,JACKSON MIDDLE,15910,BEXAR,BEXAR,48.56,15910045
132,15910.0,15910112,NORTH EAST ISD,RIDGEVIEW EL,596,8643.436595,85,NORTH EAST ISD,112,RIDGEVIEW EL,15910,BEXAR,BEXAR,65.75,15910112
133,15910.0,15910129,NORTH EAST ISD,ENCINO PARK EL,650,8032.462094,85,NORTH EAST ISD,129,ENCINO PARK EL,15910,BEXAR,BEXAR,12.46,15910129
134,15910.0,15910004,NORTH EAST ISD,ROOSEVELT H S,2774,9065.337513,85,NORTH EAST ISD,4,ROOSEVELT H S,15910,BEXAR,BEXAR,43.21,15910004
135,15910.0,15910117,NORTH EAST ISD,WINDCREST EL,614,8258.655148,85,NORTH EAST ISD,117,WINDCREST EL,15910,BEXAR,BEXAR,53.37,15910117
136,15910.0,15910145,NORTH EAST ISD,CIBOLO GREEN,910,7481.884951,85,NORTH EAST ISD,145,CIBOLO GREEN ELEMENTARY,15910,BEXAR,BEXAR,11.24,15910145
137,15910.0,15910009,NORTH EAST ISD,INTERNATIONAL SCHOOL OF AMERICA,494,6476.576102,85,NORTH EAST ISD,9,INTERNATIONAL SCHOOL OF AMERICA,15910,BEXAR,BEXAR,9.3,15910009
138,15910.0,15910121,NORTH EAST ISD,EL DORADO EL,635,8319.296303,85,NORTH EAST ISD,121,EL DORADO EL,15910,BEXAR,BEXAR,58.96,15910121
139,15910.0,15910139,NORTH EAST ISD,ROAN FOREST EL,843,7229.862999,85,NORTH EAST ISD,139,ROAN FOREST EL,15910,BEXAR,BEXAR,22.26,15910139
140,15910.0,15910048,NORTH EAST ISD,BRADLEY MIDDLE,1264,7543.302707,85,NORTH EAST ISD,48,BRADLEY MIDDLE,15910,BEXAR,BEXAR,22.24,15910048
141,15910.0,15910041,NORTH EAST ISD,EISENHOWER MIDDLE,982,8796.755097,85,NORTH EAST ISD,41,EISENHOWER MIDDLE,15910,BEXAR,BEXAR,37.48,15910041
142,15910.0,15910106,NORTH EAST ISD,HARMONY HILLS EL,579,8617.969674,85,NORTH EAST ISD,106,HARMONY HILLS EL,15910,BEXAR,BEXAR,57.74,15910106
143,15910.0,15910046,NORTH EAST ISD,WHITE MIDDLE,1082,8444.835084,85,NORTH EAST ISD,46,WHITE MIDDLE.,15910,BEXAR,BEXAR,49.91,15910046
144,15910.0,15910108,NORTH EAST ISD,LARKSPUR EL,818,8091.363685,85,NORTH EAST ISD,108,LARKSPUR EL,15910,BEXAR,BEXAR,59.5,15910108
145,15910.0,15910125,NORTH EAST ISD,STAHL EL,817,7891.185084,85,NORTH EAST ISD,125,STAHL EL,15910,BEXAR,BEXAR,46.73,15910125
146,15910.0,15910113,NORTH EAST ISD,SERNA EL,488,8521.389162,85,NORTH EAST ISD,113,SERNA EL,15910,BEXAR,BEXAR,67.67,15910113
147,15910.0,15910141,NORTH EAST ISD,STEUBING RANCH EL,983,7308.449426,85,NORTH EAST ISD,141,STUEBING RANCH ELEMENTARY,15910,BEXAR,BEXAR,35.14,15910141
148,15910.0,15910146,NORTH EAST ISD,LAS LOMAS EL,501,8207.346423,85,NORTH EAST ISD,146,LAS LOMAS EL,15910,BEXAR,BEXAR,16.18,15910146
149,15910.0,15910101,NORTH EAST ISD,CASTLE HILLS EL,471,9502.008793,85,NORTH EAST ISD,101,CASTLE HILLS EL,15910,BEXAR,BEXAR,21.81,15910101
150,15910.0,15910130,NORTH EAST ISD,FOX RUN EL,696,7762.92567,85,NORTH EAST ISD,130,FOX RUN EL,15910,BEXAR,BEXAR,43.92,15910130
151,15910.0,15910057,NORTH EAST ISD,LOPEZ MIDDLE,1274,7153.065484,85,NORTH EAST ISD,57,JOSE M. LOPEZ MIDDLE SCHOOL,15910,BEXAR,BEXAR,5.93,15910057
152,15910.0,15910003,NORTH EAST ISD,CHURCHILL H S,2803,7389.536352,85,NORTH EAST ISD,3,CHURCHILL H S,15910,BEXAR,BEXAR,20.14,15910003
153,15910.0,15910134,NORTH EAST ISD,LONGS CREEK EL,592,7851.153866,85,NORTH EAST ISD,134,LONG'S CREEK EL,15910,BEXAR,BEXAR,25.77,15910134
154,15910.0,15910116,NORTH EAST ISD,WILSHIRE EL,311,11456.18409,85,NORTH EAST ISD,116,WILSHIRE EL,15910,BEXAR,BEXAR,79.1,15910116
155,15910.0,15910105,NORTH EAST ISD,EAST TERRELL HILLS EL,625,8210.323755,85,NORTH EAST ISD,105,EAST TERRELL HILLS EL,15910,BEXAR,BEXAR,63.93,15910105
156,15910.0,15910126,NORTH EAST ISD,THOUSAND OAKS EL,692,7745.257434,85,NORTH EAST ISD,126,THOUSAND OAKS EL,15910,BEXAR,BEXAR,32.87,15910126
157,15910.0,15910049,NORTH EAST ISD,DRISCOLL MIDDLE,755,9400.312343,85,NORTH EAST ISD,49,DRISCOLL MIDDLE,15910,BEXAR,BEXAR,31.97,15910049
158,15910.0,15910008,NORTH EAST ISD,ACADEMY OF CREATIVE ED,109,16020.16129,85,NORTH EAST ISD,8,ACADEMY OF CREATIVE ED,15910,BEXAR,BEXAR,36.67,15910008
159,15910.0,15910042,NORTH EAST ISD,GARNER MIDDLE,931,9197.444895,85,NORTH EAST ISD,42,GARNER MIDDLE,15910,BEXAR,BEXAR,53.12,15910042
160,15910.0,15910120,NORTH EAST ISD,REGENCY PLACE EL,493,9706.57873,85,NORTH EAST ISD,120,REGENCY PLACE EL,15910,BEXAR,BEXAR,55.39,15910120
161,15910.0,15910138,NORTH EAST ISD,ROYAL RIDGE EL,621,7504.491505,85,NORTH EAST ISD,138,ROYAL RIDGE EL,15910,BEXAR,BEXAR,39.45,15910138
162,15910.0,15910109,NORTH EAST ISD,NORTHWOOD EL,439,8926.720191,85,NORTH EAST ISD,109,NORTHWOOD EL,15910,BEXAR,BEXAR,34.05,15910109
163,15910.0,15910047,NORTH EAST ISD,WOOD MIDDLE,830,9269.099832,85,NORTH EAST ISD,47,WOOD MIDDLE,15910,BEXAR,BEXAR,44.34,15910047
164,15910.0,15910142,NORTH EAST ISD,BULVERDE CREEK,1043,7252.468475,85,NORTH EAST ISD,142,BULVERDE CREEK ELEMENTARY,15910,BEXAR,BEXAR,19.4,15910142
165,15910.0,15910124,NORTH EAST ISD,WOODSTONE EL,626,7673.761386,85,NORTH EAST ISD,124,WOODSTONE EL,15910,BEXAR,BEXAR,47.97,15910124
166,15910.0,15910002,NORTH EAST ISD,MACARTHUR H S,2362,8131.598083,85,NORTH EAST ISD,2,MACARTHUR H S,15910,BEXAR,BEXAR,29.04,15910002
167,15910.0,15910119,NORTH EAST ISD,CLEAR SPRING EL,363,9552.484412,85,NORTH EAST ISD,119,CLEAR SPRING EL,15910,BEXAR,BEXAR,66.84,15910119
168,15910.0,15910147,NORTH EAST ISD,VINEYARD RANCH EL,817,7691.221804,85,NORTH EAST ISD,147,VINEYARD RANCH EL,15910,BEXAR,BEXAR,8.29,15910147
169,15910.0,15910043,NORTH EAST ISD,KRUEGER MIDDLE,968,8646.872497,85,NORTH EAST ISD,43,KRUEGER MIDDLE,15910,BEXAR,BEXAR,52.97,15910043
170,15910.0,15910131,NORTH EAST ISD,OAK MEADOW EL,457,9844.726945,85,NORTH EAST ISD,131,OAK MEADOW EL,15910,BEXAR,BEXAR,28.01,15910131
171,15910.0,15910114,NORTH EAST ISD,WALZEM EL,649,8669.913837,85,NORTH EAST ISD,114,WALZEM EL,15910,BEXAR,BEXAR,66.97,15910114
172,15910.0,15910058,NORTH EAST ISD,HARRIS MIDDLE,1069,7973.4031,85,NORTH EAST ISD,58,HARRIS MIDDLE,15910,BEXAR,BEXAR,30.01,15910058
173,15910.0,15910059,NORTH EAST ISD,HILL MIDDLE,1115,7204.594456,85,NORTH EAST ISD,59,HILL MIDDLE SCHOOL,15910,BEXAR,BEXAR,12.08,15910059
174,15910.0,15910143,NORTH EAST ISD,WILDERNESS OAK EL,597,7622.672515,85,NORTH EAST ISD,143,WILDERNESS OAK ELEMENTARY,15910,BEXAR,BEXAR,5.91,15910143
175,15910.0,15910012,NORTH EAST ISD,ALTER H S,95,25825.4595,85,NORTH EAST ISD,12,ALTER H S,15910,BEXAR,BEXAR,57.24,15910012
176,15910.0,15910110,NORTH EAST ISD,OAK GROVE EL,408,9530.582026,85,NORTH EAST ISD,110,OAK GROVE EL,15910,BEXAR,BEXAR,75.98,15910110
177,15910.0,15910127,NORTH EAST ISD,NORTHERN HILLS EL,668,7910.808998,85,NORTH EAST ISD,127,NORTHERN HILLS EL,15910,BEXAR,BEXAR,54.68,15910127
178,15910.0,15910050,NORTH EAST ISD,BUSH MIDDLE,1133,7814.820714,85,NORTH EAST ISD,50,BUSH MIDDLE,15910,BEXAR,BEXAR,9.48,15910050
179,15910.0,15910133,NORTH EAST ISD,STONE OAK EL,834,7457.065927,85,NORTH EAST ISD,133,STONE OAK EL,15910,BEXAR,BEXAR,14.77,15910133
180,15910.0,15910104,NORTH EAST ISD,DELLVIEW EL,355,9896.85802,85,NORTH EAST ISD,104,DELLVIEW EL,15910,BEXAR,BEXAR,59.49,15910104
181,15910.0,15910137,NORTH EAST ISD,WETMORE EL,655,8027.517196,85,NORTH EAST ISD,137,WETMORE EL,15910,BEXAR,BEXAR,31.46,15910137
182,15910.0,15910007,NORTH EAST ISD,REAGAN H S,3480,6814.80498,85,NORTH EAST ISD,7,REAGAN H S,15910,BEXAR,BEXAR,7.16,15910007
183,15910.0,15910123,NORTH EAST ISD,HIDDEN FOREST EL,567,7768.197663,85,NORTH EAST ISD,123,HIDDEN FOREST EL,15910,BEXAR,BEXAR,15.81,15910123
184,15910.0,15910001,NORTH EAST ISD,LEGACY OF EDUCATIONAL EXCELLENCE H,2591,8823.132736,85,NORTH EAST ISD,1,LEE H S,15910,BEXAR,BEXAR,40.94,15910001
185,15910.0,15910136,NORTH EAST ISD,HARDY OAK EL,690,7937.497946,85,NORTH EAST ISD,136,HARDY OAK EL,15910,BEXAR,BEXAR,5.73,15910136
186,15910.0,15910118,NORTH EAST ISD,CAMELOT EL,579,8356.783146,85,NORTH EAST ISD,118,CAMELOT EL,15910,BEXAR,BEXAR,71.21,15910118
187,15910.0,15910103,NORTH EAST ISD,COLONIAL HILLS EL,667,9053.722834,85,NORTH EAST ISD,103,COLONIAL HILLS EL,15910,BEXAR,BEXAR,71.37,15910103
188,15910.0,15910053,NORTH EAST ISD,ALTER MIDDLE,48,27153.05139,85,NORTH EAST ISD,53,ALTERNATIVE MIDDLE,15910,BEXAR,BEXAR,77.0,15910053
189,15910.0,15910044,NORTH EAST ISD,NIMITZ MIDDLE,1305,8255.971743,85,NORTH EAST ISD,44,NIMITZ MIDDLE,15910,BEXAR,BEXAR,51.72,15910044
190,15910.0,15910128,NORTH EAST ISD,REDLAND OAKS EL,390,12369.86261,85,NORTH EAST ISD,128,REDLAND OAKS EL,15910,BEXAR,BEXAR,25.89,15910128
191,15910.0,15910115,NORTH EAST ISD,WEST AVENUE EL,349,10021.13156,85,NORTH EAST ISD,115,WEST AVENUE EL,15910,BEXAR,BEXAR,78.96,15910115
192,15910.0,15910144,NORTH EAST ISD,TUSCANY HEIGHTS,687,7628.647367,85,NORTH EAST ISD,144,TUSCANY HEIGHTS ELEMENTARY,15910,BEXAR,BEXAR,9.74,15910144
193,15910.0,15910014,NORTH EAST ISD,JOHNSON H S,3149,6899.419964,85,NORTH EAST ISD,14,CLAUDIA TAYLOR JOHNSON HIGH SCHOOL,15910,BEXAR,BEXAR,9.33,15910014
194,15910.0,15910111,NORTH EAST ISD,OLMOS EL,609,8734.31668,85,NORTH EAST ISD,111,OLMOS EL,15910,BEXAR,BEXAR,70.29,15910111
195,15910.0,15910107,NORTH EAST ISD,JACKSON-KELLER EL,774,7830.391666,85,NORTH EAST ISD,107,JACKSON-KELLER EL,15910,BEXAR,BEXAR,74.46,15910107
196,15910.0,15910005,NORTH EAST ISD,MADISON H S,3276,7403.286355,85,NORTH EAST ISD,5,MADISON H S,15910,BEXAR,BEXAR,25.52,15910005
197,15910.0,15910122,NORTH EAST ISD,MONTGOMERY EL,486,8956.00072,85,NORTH EAST ISD,122,MONTGOMERY EL,15910,BEXAR,BEXAR,79.96,15910122
198,15910.0,15910140,NORTH EAST ISD,CANYON RIDGE EL,616,8034.517568,85,NORTH EAST ISD,140,CANYON RIDGE ELEMENTARY,15910,BEXAR,BEXAR,12.08,15910140
199,15915.0,15915107,NORTHSIDE ISD,FISHER EL,698,8721.482104,90,NORTHSIDE ISD-SAN ANTONIO,107,MARY LOU FISHER EL,15915,BEXAR,BEXAR,40.43,15915107
200,15915.0,15915052,NORTHSIDE ISD,CONNALLY MIDDLE,952,8155.732782,90,NORTHSIDE ISD-SAN ANTONIO,52,JOHN B CONNALLY MIDDLE,15915,BEXAR,BEXAR,29.66,15915052
201,15915.0,15915051,NORTHSIDE ISD,JORDAN MIDDLE,1266,7354.475027,90,NORTHSIDE ISD-SAN ANTONIO,51,JACK C JORDAN MIDDLE,15915,BEXAR,BEXAR,33.03,15915051
202,15915.0,15915135,NORTHSIDE ISD,CODY EL,626,8347.844244,90,NORTHSIDE ISD-SAN ANTONIO,135,EDMUND CODY EL,15915,BEXAR,BEXAR,53.86,15915135
203,15915.0,15915162,NORTHSIDE ISD,MICHAEL EL,701,7288.217679,90,NORTHSIDE ISD-SAN ANTONIO,162,MARY MICHAEL EL,15915,BEXAR,BEXAR,45.05,15915162
204,15915.0,15915118,NORTHSIDE ISD,OAK HILLS TERRACE EL,624,8096.338847,90,NORTHSIDE ISD-SAN ANTONIO,118,OAK HILLS TERRACE EL,15915,BEXAR,BEXAR,47.81,15915118
205,15915.0,15915023,NORTHSIDE ISD,BRANDEIS H S,2773,7685.453482,90,NORTHSIDE ISD-SAN ANTONIO,23,LOUIS D. BRANDEIS H. S.,15915,BEXAR,BEXAR,13.96,15915023
206,15915.0,15915152,NORTHSIDE ISD,LEON SPRINGS EL,525,8324.797474,90,NORTHSIDE ISD-SAN ANTONIO,152,LEON SPRINGS EL,15915,BEXAR,BEXAR,11.83,15915152
207,15915.0,15915230,NORTHSIDE ISD,MCANDREW EL,334,8802.141722,90,NORTHSIDE ISD-SAN ANTONIO,230,DR. SARA B. MCANDREWS,15915,BEXAR,BEXAR,3.33,15915230
208,15915.0,15915184,NORTHSIDE ISD,HATCHETT EL,746,7650.125805,90,NORTHSIDE ISD-SAN ANTONIO,184,HATCHETT ELEMENTARY,15915,BEXAR,BEXAR,45.67,15915184
209,15915.0,15915143,NORTHSIDE ISD,SCOBEE EL,531,8928.681434,90,NORTHSIDE ISD-SAN ANTONIO,143,SCOBEE EL,15915,BEXAR,BEXAR,26.89,15915143
210,15915.0,15915223,NORTHSIDE ISD,KALLISON EL,825,7266.226738,90,NORTHSIDE ISD-SAN ANTONIO,223,KALLISON EL,15915,BEXAR,BEXAR,11.68,15915223
211,15915.0,15915114,NORTHSIDE ISD,WESTWOOD TERRACE EL,502,9680.316794,90,NORTHSIDE ISD-SAN ANTONIO,114,WESTWOOD TERRACE EL,15915,BEXAR,BEXAR,75.31,15915114
212,15915.0,15915042,NORTHSIDE ISD,RAYBURN MIDDLE,980,8284.22795,90,NORTHSIDE ISD-SAN ANTONIO,42,RAYBURN MIDDLE,15915,BEXAR,BEXAR,54.7,15915042
213,15915.0,15915188,NORTHSIDE ISD,HOFFMANN EL,988,7098.515804,90,NORTHSIDE ISD-SAN ANTONIO,188,HOFFMAN ES,15915,BEXAR,BEXAR,13.25,15915188
214,15915.0,15915062,NORTHSIDE ISD,ALTERNATIVE MIDDLE,56,31543.20652,90,NORTHSIDE ISD-SAN ANTONIO,62,NAMS - NORTH,15915,BEXAR,BEXAR,69.07,15915062
215,15915.0,15915006,NORTHSIDE ISD,HEALTH CAREERS H S,862,7722.588275,90,NORTHSIDE ISD-SAN ANTONIO,6,HEALTH CAREERS H S,15915,BEXAR,BEXAR,10.45,15915006
216,15915.0,15915046,NORTHSIDE ISD,PEASE MIDDLE,1119,7655.168254,90,NORTHSIDE ISD-SAN ANTONIO,46,E M PEASE MIDDLE,15915,BEXAR,BEXAR,45.67,15915046
217,15915.0,15915108,NORTHSIDE ISD,LEON VALLEY EL,583,9172.101706,90,NORTHSIDE ISD-SAN ANTONIO,108,LEON VALLEY EL,15915,BEXAR,BEXAR,49.11,15915108
218,15915.0,15915002,NORTHSIDE ISD,JAY H S,2894,7743.052483,90,NORTHSIDE ISD-SAN ANTONIO,2,JAY H S,15915,BEXAR,BEXAR,42.53,15915002
219,15915.0,15915168,NORTHSIDE ISD,LEWIS EL,668,8047.695614,90,NORTHSIDE ISD-SAN ANTONIO,168,LEWIS EL,15915,BEXAR,BEXAR,23.34,15915168
220,15915.0,15915057,NORTHSIDE ISD,GARCIA MIDDLE,1483,6984.308462,90,NORTHSIDE ISD-SAN ANTONIO,57,GARCIA M S,15915,BEXAR,BEXAR,7.36,15915057
221,15915.0,15915178,NORTHSIDE ISD,AUE EL,683,7778.762942,90,NORTHSIDE ISD-SAN ANTONIO,178,AUE ELEMENTARY SCHOOL,15915,BEXAR,BEXAR,6.2,15915178
222,15915.0,15915125,NORTHSIDE ISD,BOONE EL,561,8940.664313,90,NORTHSIDE ISD-SAN ANTONIO,125,MURRAY E BOONE EL,15915,BEXAR,BEXAR,51.0,15915125
223,15915.0,15915156,NORTHSIDE ISD,EVERS EL,758,7913.087317,90,NORTHSIDE ISD-SAN ANTONIO,156,CHRISTIAN EVERS EL,15915,BEXAR,BEXAR,27.64,15915156
224,15915.0,15915128,NORTHSIDE ISD,CARLOS COON EL,734,7860.649203,90,NORTHSIDE ISD-SAN ANTONIO,128,CARLOS COON EL,15915,BEXAR,BEXAR,49.48,15915128
225,15915.0,15915228,NORTHSIDE ISD,COLE EL,872,7674.022216,90,NORTHSIDE ISD-SAN ANTONIO,228,COLE EL,15915,BEXAR,BEXAR,14.46,15915228
226,15915.0,15915179,NORTHSIDE ISD,SCARBOROUGH EL,1000,8036.95395,90,NORTHSIDE ISD-SAN ANTONIO,179,EVELYN SCARBOROUGH ELEM,15915,BEXAR,BEXAR,21.07,15915179
227,15915.0,15915053,NORTHSIDE ISD,RAWLINSON MIDDLE,1342,7075.31558,90,NORTHSIDE ISD-SAN ANTONIO,53,RAWLINSON MIDDLE SCHOOL,15915,BEXAR,BEXAR,22.0,15915053
228,15915.0,15915048,NORTHSIDE ISD,RUDDER MIDDLE,979,7892.033057,90,NORTHSIDE ISD-SAN ANTONIO,48,RUDDER MIDDLE,15915,BEXAR,BEXAR,43.71,15915048
229,15915.0,15915134,NORTHSIDE ISD,BRAUN STATION EL,512,12176.03772,90,NORTHSIDE ISD-SAN ANTONIO,134,BRAUN STATION EL,15915,BEXAR,BEXAR,24.32,15915134
230,15915.0,15915161,NORTHSIDE ISD,STEUBING EL,473,9262.087146,90,NORTHSIDE ISD-SAN ANTONIO,161,HENRY STEUBING EL,15915,BEXAR,BEXAR,21.51,15915161
231,15915.0,15915224,NORTHSIDE ISD,MORA EL,476,10968.63299,90,NORTHSIDE ISD-SAN ANTONIO,224,MORA EL,15915,BEXAR,BEXAR,,15915224
232,15915.0,15915183,NORTHSIDE ISD,WARD EL,843,7568.87967,90,NORTHSIDE ISD-SAN ANTONIO,183,WARD ELEMENTARY,15915,BEXAR,BEXAR,27.47,15915183
233,15915.0,15915113,NORTHSIDE ISD,VALLEY HI EL,382,10045.28188,90,NORTHSIDE ISD-SAN ANTONIO,113,VALLEY HI EL,15915,BEXAR,BEXAR,59.6,15915113
234,15915.0,15915024,NORTHSIDE ISD,BRENNAN H S,2588,7678.383823,90,NORTHSIDE ISD-SAN ANTONIO,24,BRENNAN HS,15915,BEXAR,BEXAR,16.44,15915024
235,15915.0,15915013,NORTHSIDE ISD,REDDIX CENTER,225,37805.35239,90,NORTHSIDE ISD-SAN ANTONIO,13,VOC TRANSITION PROG,15915,BEXAR,BEXAR,23.0,15915013
236,15915.0,15915141,NORTHSIDE ISD,FORESTER EL,859,8254.398148,90,NORTHSIDE ISD-SAN ANTONIO,141,NORA FORESTER ELEM,15915,BEXAR,BEXAR,26.33,15915141
237,15915.0,15915167,NORTHSIDE ISD,RABA EL,749,7812.647442,90,NORTHSIDE ISD-SAN ANTONIO,167,RABA EL,15915,BEXAR,BEXAR,26.13,15915167
238,15915.0,15915104,NORTHSIDE ISD,HELOTES EL,421,8696.037451,90,NORTHSIDE ISD-SAN ANTONIO,104,HELOTES EL,15915,BEXAR,BEXAR,10.68,15915104
239,15915.0,15915060,NORTHSIDE ISD,BERNAL MIDDLE,1018,7374.952311,90,NORTHSIDE ISD-SAN ANTONIO,60,BERNAL MS,15915,BEXAR,BEXAR,13.6,15915060
240,15915.0,15915157,NORTHSIDE ISD,MAY EL,515,9087.10562,90,NORTHSIDE ISD-SAN ANTONIO,157,"MONROE S MAY, JR EL",15915,BEXAR,BEXAR,21.71,15915157
241,15915.0,15915193,NORTHSIDE ISD,FRANKLIN EL,769,7787.792579,90,NORTHSIDE ISD-SAN ANTONIO,193,KAY FRANKLIN,15915,BEXAR,BEXAR,18.77,15915193
242,15915.0,15915045,NORTHSIDE ISD,HOBBY MIDDLE,926,8838.576546,90,NORTHSIDE ISD-SAN ANTONIO,45,WILLIAM HOBBY MIDDLE,15915,BEXAR,BEXAR,42.26,15915045
243,15915.0,15915109,NORTHSIDE ISD,LOCKE HILL EL,629,8030.404738,90,NORTHSIDE ISD-SAN ANTONIO,109,LOCKE HILL EL,15915,BEXAR,BEXAR,36.75,15915109
244,15915.0,15915187,NORTHSIDE ISD,LANGLEY EL,445,10123.28413,90,NORTHSIDE ISD-SAN ANTONIO,187,LANGLEY ES,15915,BEXAR,BEXAR,15.78,15915187
245,15915.0,15915117,NORTHSIDE ISD,MEADOW VILLAGE EL,514,8355.156354,90,NORTHSIDE ISD-SAN ANTONIO,117,MEADOW VILLAGE EL,15915,BEXAR,BEXAR,63.82,15915117
246,15915.0,15915005,NORTHSIDE ISD,CLARK H S,2849,7547.139568,90,NORTHSIDE ISD-SAN ANTONIO,5,TOM CLARK H S,15915,BEXAR,BEXAR,22.37,15915005
247,15915.0,15915056,NORTHSIDE ISD,VALE MIDDLE,1354,6939.092204,90,NORTHSIDE ISD-SAN ANTONIO,56,ROBERT L VALE M. S.,15915,BEXAR,BEXAR,28.79,15915056
248,15915.0,15915122,NORTHSIDE ISD,PASSMORE EL,532,8950.52795,90,NORTHSIDE ISD-SAN ANTONIO,122,J B PASSMORE EL,15915,BEXAR,BEXAR,74.47,15915122
249,15915.0,15915149,NORTHSIDE ISD,THORNTON EL,610,8637.32631,90,NORTHSIDE ISD-SAN ANTONIO,149,WILLIAM THORNTON EL,15915,BEXAR,BEXAR,27.8,15915149
250,15915.0,15915130,NORTHSIDE ISD,MURNIN EL,878,7012.060979,90,NORTHSIDE ISD-SAN ANTONIO,130,WINN MURNIN EL,15915,BEXAR,BEXAR,37.32,15915130
251,15915.0,15915041,NORTHSIDE ISD,NEFF MIDDLE,1061,8231.784783,90,NORTHSIDE ISD-SAN ANTONIO,41,NEFF MIDDLE,15915,BEXAR,BEXAR,52.4,15915041
252,15915.0,15915170,NORTHSIDE ISD,NICHOLS EL,452,9164.764675,90,NORTHSIDE ISD-SAN ANTONIO,170,NICHOLS EL,15915,BEXAR,BEXAR,23.53,15915170
253,15915.0,15915001,NORTHSIDE ISD,HOLMES H S,2813,7950.14704,90,NORTHSIDE ISD-SAN ANTONIO,1,HOLMES H S,15915,BEXAR,BEXAR,44.44,15915001
254,15915.0,15915180,NORTHSIDE ISD,BEARD EL,663,7816.217995,90,NORTHSIDE ISD-SAN ANTONIO,180,BEARD ELEMENTARY,15915,BEXAR,BEXAR,5.7,15915180
255,15915.0,15915225,NORTHSIDE ISD,LIECK EL,680,7598.676479,90,NORTHSIDE ISD-SAN ANTONIO,225,EDMUND LIECK ELEM,15915,BEXAR,BEXAR,19.97,15915225
256,15915.0,15915103,NORTHSIDE ISD,GLENOAKS EL,701,8531.728378,90,NORTHSIDE ISD-SAN ANTONIO,103,GLENOAKS EL,15915,BEXAR,BEXAR,56.03,15915103
257,15915.0,15915016,NORTHSIDE ISD,O'CONNOR H S,3256,7298.507987,90,NORTHSIDE ISD-SAN ANTONIO,16,SANDRA DAY O'CONNOR H S,15915,BEXAR,BEXAR,12.18,15915016
258,15915.0,15915227,NORTHSIDE ISD,BOLDT EL,862,7177.355096,90,NORTHSIDE ISD-SAN ANTONIO,227,HERBERT G. BOLDT ELEMENTARY,15915,BEXAR,BEXAR,11.65,15915227
259,15915.0,15915191,NORTHSIDE ISD,KUENTZ EL,659,8630.848891,90,NORTHSIDE ISD-SAN ANTONIO,191,KUENTZ ES,15915,BEXAR,BEXAR,10.5,15915191
260,15915.0,15915145,NORTHSIDE ISD,ELROD EL,441,8414.461056,90,NORTHSIDE ISD-SAN ANTONIO,145,JIMMY ELROD EL,15915,BEXAR,BEXAR,33.12,15915145
261,15915.0,15915004,NORTHSIDE ISD,HOLMGREEN CENTER,44,77003.43704,90,NORTHSIDE ISD-SAN ANTONIO,4,HOLMGREEN JR-SR H S,15915,BEXAR,BEXAR,20.0,15915004
262,15915.0,15915160,NORTHSIDE ISD,MYERS EL,667,8387.096915,90,NORTHSIDE ISD-SAN ANTONIO,160,VIRGINIA A MYERS EL,15915,BEXAR,BEXAR,39.22,15915160
263,15915.0,15915112,NORTHSIDE ISD,POWELL EL,471,8632.119245,90,NORTHSIDE ISD-SAN ANTONIO,112,LAWRENCE POWELL EL,15915,BEXAR,BEXAR,54.27,15915112
264,15915.0,15915025,NORTHSIDE ISD,HARLAN H S,2291,7620.305121,90,NORTHSIDE ISD-SAN ANTONIO,25,HARLAN HS,15915,BEXAR,BEXAR,15.4,15915025
265,15915.0,15915054,NORTHSIDE ISD,LUNA MIDDLE,1444,6985.099279,90,NORTHSIDE ISD-SAN ANTONIO,54,LUNA MIDDLE SCHOOL,15915,BEXAR,BEXAR,20.64,15915054
266,15915.0,15915011,NORTHSIDE ISD,CHAVEZ EXCEL ACADEMY,75,12338.13462,90,NORTHSIDE ISD-SAN ANTONIO,11,NISD EXCEL ACADEMY,15915,BEXAR,BEXAR,28.57,15915011
267,15915.0,15915044,NORTHSIDE ISD,JONES MIDDLE,998,8678.993882,90,NORTHSIDE ISD-SAN ANTONIO,44,ANSON JONES MIDDLE,15915,BEXAR,BEXAR,67.7,15915044
268,15915.0,15915186,NORTHSIDE ISD,KRUEGER EL,713,7916.848427,90,NORTHSIDE ISD-SAN ANTONIO,186,KREUGER ELEMENTARY SCHOOL,15915,BEXAR,BEXAR,13.03,15915186
269,15915.0,15915049,NORTHSIDE ISD,ZACHRY MIDDLE,926,8130.387561,90,NORTHSIDE ISD-SAN ANTONIO,49,ZACHRY MIDDLE,15915,BEXAR,BEXAR,39.81,15915049
270,15915.0,15915138,NORTHSIDE ISD,KNOWLTON EL,619,8630.985947,90,NORTHSIDE ISD-SAN ANTONIO,138,LLOYD KNOWLTON EL,15915,BEXAR,BEXAR,50.82,15915138
271,15915.0,15915166,NORTHSIDE ISD,BURKE EL,456,9069.133213,90,NORTHSIDE ISD-SAN ANTONIO,166,BURKE EL,15915,BEXAR,BEXAR,47.7,15915166
272,15915.0,15915059,NORTHSIDE ISD,FOLKS MIDDLE,1517,6673.166381,90,NORTHSIDE ISD-SAN ANTONIO,59,DR. JOHN FOLKS,15915,BEXAR,BEXAR,11.81,15915059
273,15915.0,15915181,NORTHSIDE ISD,BLATTMAN EL,526,8222.398672,90,NORTHSIDE ISD-SAN ANTONIO,181,BLATTMAN ELEMENTARY,15915,BEXAR,BEXAR,6.73,15915181
274,15915.0,15915008,NORTHSIDE ISD,ALTERNATIVE H S,142,20624.81668,90,NORTHSIDE ISD-SAN ANTONIO,8,NORTHSIDE ALTER SCH,15915,BEXAR,BEXAR,49.74,15915008
275,15915.0,15915116,NORTHSIDE ISD,VILLARREAL EL,688,8278.31574,90,NORTHSIDE ISD-SAN ANTONIO,116,EDUARDO VILLARREAL EL,15915,BEXAR,BEXAR,57.78,15915116
276,15915.0,15915123,NORTHSIDE ISD,ADAMS HILL EL,478,8888.29364,90,NORTHSIDE ISD-SAN ANTONIO,123,ADAMS HILL EL,15915,BEXAR,BEXAR,65.41,15915123
277,15915.0,15915150,NORTHSIDE ISD,BRAUCHLE EL,618,7762.299794,90,NORTHSIDE ISD-SAN ANTONIO,150,BRAUCHLE EL,15915,BEXAR,BEXAR,39.25,15915150
278,15915.0,15915158,NORTHSIDE ISD,MCDERMOTT EL,666,8487.533956,90,NORTHSIDE ISD-SAN ANTONIO,158,ROBERT MCDERMOTT EL,15915,BEXAR,BEXAR,55.2,15915158
279,15915.0,15915131,NORTHSIDE ISD,LINTON EL,487,8853.734315,90,NORTHSIDE ISD-SAN ANTONIO,131,DOLORES LINTON EL,15915,BEXAR,BEXAR,67.32,15915131
280,15915.0,15915111,NORTHSIDE ISD,GLASS EL,562,7975.216562,90,NORTHSIDE ISD-SAN ANTONIO,111,COLBY GLASS EL,15915,BEXAR,BEXAR,63.1,15915111
281,15915.0,15915035,NORTHSIDE ISD,DAEP AT HOLMGREEN,11,1860.300677,90,NORTHSIDE ISD-SAN ANTONIO,35,D A E P HOLMGREEN,15915,BEXAR,BEXAR,57.14,15915035
282,15915.0,15915226,NORTHSIDE ISD,FIELDS EL,845,7592.087121,90,NORTHSIDE ISD-SAN ANTONIO,226,FIELDS EL,15915,BEXAR,BEXAR,26.65,15915226
283,15915.0,15915171,NORTHSIDE ISD,DRIGGERS EL,578,8421.396462,90,NORTHSIDE ISD-SAN ANTONIO,171,DRIGGERS ELEMENTARY SCHOOL,15915,BEXAR,BEXAR,46.85,15915171
284,15915.0,15915102,NORTHSIDE ISD,GLENN EL,543,8910.996642,90,NORTHSIDE ISD-SAN ANTONIO,102,JOHN GLENN EL,15915,BEXAR,BEXAR,71.25,15915102
285,15915.0,15915192,NORTHSIDE ISD,BEHLAU EL,769,7852.386857,90,NORTHSIDE ISD-SAN ANTONIO,192,BEHLAU EL,15915,BEXAR,BEXAR,22.56,15915192
286,15915.0,15915195,NORTHSIDE ISD,MIRELES EL,963,6934.559622,90,NORTHSIDE ISD-SAN ANTONIO,195,MIRELES EL,15915,BEXAR,BEXAR,12.33,15915195
287,15915.0,15915148,NORTHSIDE ISD,WANKE EL,717,8331.675091,90,NORTHSIDE ISD-SAN ANTONIO,148,CARL WANKE EL,15915,BEXAR,BEXAR,29.12,15915148
288,15915.0,15915236,NORTHSIDE ISD,LOS REYES EL,566,8265.319469,90,NORTHSIDE ISD-SAN ANTONIO,236,LOS REYES ELEM,15915,BEXAR,BEXAR,12.35,15915236
289,15915.0,15915105,NORTHSIDE ISD,HULL EL,483,9567.510351,90,NORTHSIDE ISD-SAN ANTONIO,105,MARY HULL EL,15915,BEXAR,BEXAR,70.33,15915105
290,15915.0,15915189,NORTHSIDE ISD,MARTIN EL,666,8239.374797,90,NORTHSIDE ISD-SAN ANTONIO,189,MARTIN EL,15915,BEXAR,BEXAR,72.21,15915189
291,15915.0,15915119,NORTHSIDE ISD,HOWSMAN EL,695,8096.520036,90,NORTHSIDE ISD-SAN ANTONIO,119,SHIRLEY HOWSMAN EL,15915,BEXAR,BEXAR,48.89,15915119
292,15915.0,15915022,NORTHSIDE ISD,STEVENS H S,2836,7492.749741,90,NORTHSIDE ISD-SAN ANTONIO,22,STEVENS HIGH SCHOOL,15915,BEXAR,BEXAR,30.33,15915022
293,15915.0,15915019,NORTHSIDE ISD,WARREN H S,3077,7461.231395,90,NORTHSIDE ISD-SAN ANTONIO,19,WARREN H S,15915,BEXAR,BEXAR,25.01,15915019
294,15915.0,15915050,NORTHSIDE ISD,STINSON MIDDLE,1144,7268.26309,90,NORTHSIDE ISD-SAN ANTONIO,50,STINSON MIDDLE,15915,BEXAR,BEXAR,24.85,15915050
295,15915.0,15915144,NORTHSIDE ISD,GALM EL,565,8223.670428,90,NORTHSIDE ISD-SAN ANTONIO,144,GALM EL,15915,BEXAR,BEXAR,29.59,15915144
296,15915.0,15915169,NORTHSIDE ISD,RHODES EL,548,7908.099118,90,NORTHSIDE ISD-SAN ANTONIO,169,RHODES EL,15915,BEXAR,BEXAR,44.14,15915169
297,15915.0,15915185,NORTHSIDE ISD,MEAD EL,704,8197.596132,90,NORTHSIDE ISD-SAN ANTONIO,185,MEAD EL,15915,BEXAR,BEXAR,67.03,15915185
298,15915.0,15915115,NORTHSIDE ISD,COLONIES NORTH EL,624,9256.826027,90,NORTHSIDE ISD-SAN ANTONIO,115,COLONIES NORTH EL,15915,BEXAR,BEXAR,53.54,15915115
299,15915.0,15915055,NORTHSIDE ISD,JEFFERSON MIDDLE,1475,7196.883543,90,NORTHSIDE ISD-SAN ANTONIO,55,JEFFERSON MIDDLE SCHOOL,15915,BEXAR,BEXAR,17.0,15915055
300,15915.0,15915136,NORTHSIDE ISD,NORTHWEST CROSSING EL,525,9549.420331,90,NORTHSIDE ISD-SAN ANTONIO,136,NORTHWEST CROSSING EL,15915,BEXAR,BEXAR,37.68,15915136
301,15915.0,15915165,NORTHSIDE ISD,CARSON EL,563,8125.130969,90,NORTHSIDE ISD-SAN ANTONIO,165,JAMES CARSON EL,15915,BEXAR,BEXAR,24.54,15915165
302,15915.0,15915234,NORTHSIDE ISD,ELLISON EL,625,8231.04715,90,NORTHSIDE ISD-SAN ANTONIO,234,Ellison ES,15915,BEXAR,BEXAR,17.09,15915234
303,15915.0,15915043,NORTHSIDE ISD,ROSS MIDDLE,1154,7856.940428,90,NORTHSIDE ISD-SAN ANTONIO,43,SUL ROSS MIDDLE,15915,BEXAR,BEXAR,58.09,15915043
304,15915.0,15915003,NORTHSIDE ISD,MARSHALL H S,2518,7848.372668,90,NORTHSIDE ISD-SAN ANTONIO,3,MARSHALL H S,15915,BEXAR,BEXAR,31.05,15915003
305,15915.0,15915132,NORTHSIDE ISD,TIMBERWILDE EL,585,8593.436497,90,NORTHSIDE ISD-SAN ANTONIO,132,TIMBERWILDE EL,15915,BEXAR,BEXAR,42.92,15915132
306,15915.0,15915058,NORTHSIDE ISD,BRISCOE MIDDLE,1399,6951.346034,90,NORTHSIDE ISD-SAN ANTONIO,58,BRISCOE MIDDLE,15915,BEXAR,BEXAR,12.36,15915058
307,15915.0,15915182,NORTHSIDE ISD,OTT EL,703,7250.256968,90,NORTHSIDE ISD-SAN ANTONIO,182,OTT ELEMENTARY,15915,BEXAR,BEXAR,23.89,15915182
308,15915.0,15915047,NORTHSIDE ISD,STEVENSON MIDDLE,1233,7545.559985,90,NORTHSIDE ISD-SAN ANTONIO,47,COKE STEVENSON MIDDLE,15915,BEXAR,BEXAR,25.57,15915047
309,15915.0,15915106,NORTHSIDE ISD,ALLEN EL,575,7856.761863,90,NORTHSIDE ISD-SAN ANTONIO,106,ALLEN EL,15915,BEXAR,BEXAR,72.84,15915106
310,15915.0,15915177,NORTHSIDE ISD,CARNAHAN EL,533,9486.277481,90,NORTHSIDE ISD-SAN ANTONIO,177,PEGGY CARNAHAN ELEM,15915,BEXAR,BEXAR,42.21,15915177
311,15915.0,15915007,NORTHSIDE ISD,TAFT H S,2473,8205.502677,90,NORTHSIDE ISD-SAN ANTONIO,7,WILLIAM H TAFT H S,15915,BEXAR,BEXAR,20.78,15915007
312,15915.0,15915124,NORTHSIDE ISD,ESPARZA EL,574,8568.031434,90,NORTHSIDE ISD-SAN ANTONIO,124,GREGORIO ESPARZA EL,15915,BEXAR,BEXAR,53.01,15915124
313,15915.0,15915101,NORTHSIDE ISD,CABLE EL,585,8991.62624,90,NORTHSIDE ISD-SAN ANTONIO,101,CABLE EL,15915,BEXAR,BEXAR,76.27,15915101
314,15915.0,15915151,NORTHSIDE ISD,FERNANDEZ EL,607,7715.151508,90,NORTHSIDE ISD-SAN ANTONIO,151,FERNANDEZ EL,15915,BEXAR,BEXAR,32.96,15915151
315,15915.0,15915198,NORTHSIDE ISD,HENDERSON EL,533,8557.628325,90,NORTHSIDE ISD-SAN ANTONIO,198,HENDERSON EL,15915,BEXAR,BEXAR,19.93,15915198
316,15907.0,15907179,SAN ANTONIO ISD,HAWTHORNE PK-8 ACADEMY,731,8550.012597,82,SAN ANTONIO ISD,179,HAWTHORNE EL,15907,BEXAR,BEXAR,53.48,15907179
317,15907.0,15907055,SAN ANTONIO ISD,RHODES MIDDLE,647,8709.205441,82,SAN ANTONIO ISD,55,RHODES MIDDLE,15907,BEXAR,BEXAR,74.31,15907055
318,15907.0,15907150,SAN ANTONIO ISD,MAVERICK EL,564,8043.350439,82,SAN ANTONIO ISD,150,MAVERICK EL,15907,BEXAR,BEXAR,66.37,15907150
319,15907.0,15907140,SAN ANTONIO ISD,RODRIGUEZ EL,314,8672.110874,82,SAN ANTONIO ISD,140,RODRIGUEZ EL,15907,BEXAR,BEXAR,82.29,15907140
320,15907.0,15907002,SAN ANTONIO ISD,BURBANK H S,1243,9990.019355,82,SAN ANTONIO ISD,2,BURBANK H S,15907,BEXAR,BEXAR,50.29,15907002
321,15907.0,15907001,SAN ANTONIO ISD,BRACKENRIDGE H S,1685,9311.11741,82,SAN ANTONIO ISD,1,BRACKENRIDGE H S,15907,BEXAR,BEXAR,48.74,15907001
322,15907.0,15907241,SAN ANTONIO ISD,CARVAJAL EL,394,6616.396043,82,SAN ANTONIO ISD,241,CARVAJAL EARLY CHILDHOOD,15907,BEXAR,BEXAR,99.22,15907241
323,15907.0,15907050,SAN ANTONIO ISD,LONGFELLOW MIDDLE,923,9304.358778,82,SAN ANTONIO ISD,50,LONGFELLOW MIDDLE,15907,BEXAR,BEXAR,64.75,15907050
324,15907.0,15907107,SAN ANTONIO ISD,BONHAM ACADEMY,577,8226.476338,82,SAN ANTONIO ISD,107,BONHAM EL,15907,BEXAR,BEXAR,42.63,15907107
325,15907.0,15907136,SAN ANTONIO ISD,HILLCREST EL,455,9339.536212,82,SAN ANTONIO ISD,136,HILLCREST EL,15907,BEXAR,BEXAR,73.72,15907136
326,15907.0,15907006,SAN ANTONIO ISD,HOUSTON H S,1005,10650.74867,82,SAN ANTONIO ISD,6,HOUSTON H S,15907,BEXAR,BEXAR,63.48,15907006
327,15907.0,15907166,SAN ANTONIO ISD,STEELE MONTESSORI ACADEMY,150,14333.762,82,SAN ANTONIO ISD,166,Steele Montessori Academy,15907,BEXAR,BEXAR,44.12,15907166
328,15907.0,15907116,SAN ANTONIO ISD,COLLINS GARDEN EL,510,7897.523176,82,SAN ANTONIO ISD,116,COLLINS GARDEN EL,15907,BEXAR,BEXAR,73.91,15907116
329,15907.0,15907106,SAN ANTONIO ISD,BEACON HILL ACADEMY,476,8826.63298,82,SAN ANTONIO ISD,106,BEACON HILL EL,15907,BEXAR,BEXAR,68.69,15907106
330,15907.0,15907149,SAN ANTONIO ISD,MARGIL ACADEMY,625,8568.565733,82,SAN ANTONIO ISD,149,MARGIL EL,15907,BEXAR,BEXAR,78.56,15907149
331,15907.0,15907245,SAN ANTONIO ISD,NELSON EARLY CHILDHOOD CAMPUS,211,6264.152773,82,SAN ANTONIO ISD,245,Nelson Early Childhood Campus,15907,BEXAR,BEXAR,98.53,15907245
332,15907.0,15907143,SAN ANTONIO ISD,GEORGE E KELLY EL,249,10421.22417,82,SAN ANTONIO ISD,143,GEORGE E KELLY EL,15907,BEXAR,BEXAR,70.21,15907143
333,15907.0,15907025,SAN ANTONIO ISD,ST PHILIP'S COLLEGE EARLY COLLEGE,287,8015.823695,82,SAN ANTONIO ISD,25,ST PHILIP'S COLLEGE EARLY COLLEGE H S WITH SAISD,15907,BEXAR,BEXAR,45.8,15907025
334,15907.0,15907158,SAN ANTONIO ISD,PERSHING EL,488,8536.535824,82,SAN ANTONIO ISD,158,PERSHING EL,15907,BEXAR,BEXAR,78.56,15907158
335,15907.0,15907024,SAN ANTONIO ISD,COOPER ACADEMY AT NAVARRO,347,10011.60323,82,SAN ANTONIO ISD,24,COOPER ACADEMY @ NAVARRO,15907,BEXAR,BEXAR,58.75,15907024
336,15907.0,15907061,SAN ANTONIO ISD,TAFOLLA MIDDLE,427,11339.14882,82,SAN ANTONIO ISD,61,TAFOLLA MIDDLE,15907,BEXAR,BEXAR,72.55,15907061
337,15907.0,15907125,SAN ANTONIO ISD,FOSTER ACADEMY,593,8462.054118,82,SAN ANTONIO ISD,125,FOSTER EL,15907,BEXAR,BEXAR,76.74,15907125
338,15907.0,15907157,SAN ANTONIO ISD,OGDEN ACADEMY,679,9744.04626,82,SAN ANTONIO ISD,157,OGDEN EL,15907,BEXAR,BEXAR,73.28,15907157
339,15907.0,15907139,SAN ANTONIO ISD,HUPPERTZ EL,368,8861.664789,82,SAN ANTONIO ISD,139,HUPPERTZ EL,15907,BEXAR,BEXAR,78.97,15907139
340,15907.0,15907010,SAN ANTONIO ISD,ESTRADA ACHIEVEMENT CTR,150,17312.26867,82,SAN ANTONIO ISD,10,ESTRADA ACHIEVEMENT CTR.,15907,BEXAR,BEXAR,68.18,15907010
341,15907.0,15907119,SAN ANTONIO ISD,DOUGLASS ACADEMY,347,10042.18248,82,SAN ANTONIO ISD,119,DOUGLASS EL,15907,BEXAR,BEXAR,77.75,15907119
342,15907.0,15907054,SAN ANTONIO ISD,POE MIDDLE,425,10761.53533,82,SAN ANTONIO ISD,54,POE MIDDLE,15907,BEXAR,BEXAR,67.98,15907054
343,15907.0,15907126,SAN ANTONIO ISD,FRANKLIN EL,456,8426.734631,82,SAN ANTONIO ISD,126,FRANKLIN EL,15907,BEXAR,BEXAR,64.32,15907126
344,15907.0,15907177,SAN ANTONIO ISD,YOUNG MEN'S LEADERSHIP ACADEMY,337,10366.33284,82,SAN ANTONIO ISD,177,YOUNG MEN LEADERSHIP ACADEMY,15907,BEXAR,BEXAR,34.58,15907177
345,15907.0,15907135,SAN ANTONIO ISD,HIGHLAND PARK EL,458,9017.497865,82,SAN ANTONIO ISD,135,HIGHLAND PARK EL,15907,BEXAR,BEXAR,71.0,15907135
346,15907.0,15907168,SAN ANTONIO ISD,P F STEWART EL,350,10302.78105,82,SAN ANTONIO ISD,168,P F STEWART EL,15907,BEXAR,BEXAR,76.01,15907168
347,15907.0,15907162,SAN ANTONIO ISD,DAVID BARKLEY/FRANCISCO RUIZ EL,525,8345.049618,82,SAN ANTONIO ISD,162,BARKLEY/RUIZ EL,15907,BEXAR,BEXAR,75.5,15907162
348,15907.0,15907049,SAN ANTONIO ISD,IRVING MIDDLE,212,11483.94929,82,SAN ANTONIO ISD,49,IRVING MIDDLE,15907,BEXAR,BEXAR,68.84,15907049
349,15907.0,15907005,SAN ANTONIO ISD,HIGHLANDS H S,1439,10119.88121,82,SAN ANTONIO ISD,5,HIGHLANDS H S,15907,BEXAR,BEXAR,56.72,15907005
350,15907.0,15907114,SAN ANTONIO ISD,CAMERON EL,376,9204.204162,82,SAN ANTONIO ISD,114,CAMERON EL,15907,BEXAR,BEXAR,78.79,15907114
351,15907.0,15907240,SAN ANTONIO ISD,CARROLL EARLY CHILDHOOD CAMPUS,466,6425.721341,82,SAN ANTONIO ISD,240,CARROLL EARLY CHILDHOOD CAMPUS,15907,BEXAR,BEXAR,97.45,15907240
352,15907.0,15907246,SAN ANTONIO ISD,GONZALES EARLY CHILDHOOD CAMPUS,113,9703.847191,82,SAN ANTONIO ISD,246,Gonzalez Early Childhood Campus,15907,BEXAR,BEXAR,52.0,15907246
353,15907.0,15907020,SAN ANTONIO ISD,JJAEP,NRD,NRD,82,SAN ANTONIO ISD,20,BEXAR COUNTY JJAEP,15907,BEXAR,BEXAR,61.11,15907020
354,15907.0,15907163,SAN ANTONIO ISD,MARK TWAIN DUAL LANGUAGE ACADEMY,356,9307.07713,82,SAN ANTONIO ISD,163,Mark Twain Dual Language Academy,15907,BEXAR,BEXAR,40.96,15907163
355,15907.0,15907026,SAN ANTONIO ISD,ADVANCED LEARNING ACADEMY,826,9683.539546,82,SAN ANTONIO ISD,26,FOX TECH INSTITUTE OF ADVANCED LEARNING,15907,BEXAR,BEXAR,33.19,15907026
356,15907.0,15907064,SAN ANTONIO ISD,BREWER ACADEMY,24,92610.932,82,SAN ANTONIO ISD,64,PICKETT CTR.,15907,BEXAR,BEXAR,67.74,15907064
357,15907.0,15907121,SAN ANTONIO ISD,DE ZAVALA EL,595,8579.574996,82,SAN ANTONIO ISD,121,DE ZAVALA EL,15907,BEXAR,BEXAR,78.52,15907121
358,15907.0,15907127,SAN ANTONIO ISD,GATES EL,218,11018.00616,82,SAN ANTONIO ISD,127,GATES EL,15907,BEXAR,BEXAR,82.98,15907127
359,15907.0,15907144,SAN ANTONIO ISD,SARAH S KING EL,680,8239.18445,82,SAN ANTONIO ISD,144,SARAH S KING EL,15907,BEXAR,BEXAR,85.67,15907144
360,15907.0,15907118,SAN ANTONIO ISD,DAVID CROCKETT ACADEMY,658,8759.299527,82,SAN ANTONIO ISD,118,DAVID CROCKETT EL,15907,BEXAR,BEXAR,79.39,15907118
361,15907.0,15907047,SAN ANTONIO ISD,HARRIS MIDDLE,746,9260.475118,82,SAN ANTONIO ISD,47,HARRIS MIDDLE,15907,BEXAR,BEXAR,59.78,15907047
362,15907.0,15907101,SAN ANTONIO ISD,ARNOLD EL,590,8237.291604,82,SAN ANTONIO ISD,101,ARNOLD EL,15907,BEXAR,BEXAR,64.5,15907101
363,15907.0,15907008,SAN ANTONIO ISD,LANIER H S,1605,9381.726859,82,SAN ANTONIO ISD,8,LANIER H S,15907,BEXAR,BEXAR,63.57,15907008
364,15907.0,15907146,SAN ANTONIO ISD,LAMAR EL,379,10081.55623,82,SAN ANTONIO ISD,146,LAMAR EL,15907,BEXAR,BEXAR,51.96,15907146
365,15907.0,15907176,SAN ANTONIO ISD,WOODLAWN HILLS EL,483,8637.590902,82,SAN ANTONIO ISD,176,WOODLAWN HILLS EL,15907,BEXAR,BEXAR,71.57,15907176
366,15907.0,15907053,SAN ANTONIO ISD,PAGE MIDDLE,78,19904.89995,82,SAN ANTONIO ISD,53,PAGE MIDDLE,15907,BEXAR,BEXAR,68.31,15907053
367,15907.0,15907112,SAN ANTONIO ISD,BRISCOE EL,465,8767.155117,82,SAN ANTONIO ISD,112,BRISCOE EL,15907,BEXAR,BEXAR,68.79,15907112
368,15907.0,15907155,SAN ANTONIO ISD,NEAL EL,521,7934.218787,82,SAN ANTONIO ISD,155,NEAL EL,15907,BEXAR,BEXAR,72.56,15907155
369,15907.0,15907134,SAN ANTONIO ISD,HIGHLAND HILLS EL,643,7404.169298,82,SAN ANTONIO ISD,134,HIGHLAND HILLS EL,15907,BEXAR,BEXAR,68.57,15907134
370,15907.0,15907004,SAN ANTONIO ISD,FOX TECHNICAL H S,371,13042.7404,82,SAN ANTONIO ISD,4,FOX TECHNICAL H S,15907,BEXAR,BEXAR,44.51,15907004
371,15907.0,15907169,SAN ANTONIO ISD,STORM EL,305,13435.8055,82,SAN ANTONIO ISD,169,STORM EL,15907,BEXAR,BEXAR,83.18,15907169
372,15907.0,15907027,SAN ANTONIO ISD,CAST TECH H S,252,10241.41216,82,SAN ANTONIO ISD,27,CAST TECH HS,15907,BEXAR,BEXAR,34.4,15907027
373,15907.0,15907161,SAN ANTONIO ISD,ROGERS ACADEMY,727,8098.183145,82,SAN ANTONIO ISD,161,ROGERS EL,15907,BEXAR,BEXAR,62.08,15907161
374,15907.0,15907022,SAN ANTONIO ISD,TRAVIS EARLY COLLEGE H S,381,8505.91297,82,SAN ANTONIO ISD,22,TRAVIS EARLY COLLEGE,15907,BEXAR,BEXAR,32.98,15907022
375,15907.0,15907138,SAN ANTONIO ISD,IRVING DUAL LANGUAGE ACADEMY,137,9656.518982,82,SAN ANTONIO ISD,138,Irving Dual Language Academy,15907,BEXAR,BEXAR,,15907138
376,15907.0,15907129,SAN ANTONIO ISD,CHARLES GRAEBNER EL,743,7857.468899,82,SAN ANTONIO ISD,129,CHARLES GRAEBNER EL,15907,BEXAR,BEXAR,70.0,15907129
377,15907.0,15907242,SAN ANTONIO ISD,KNOX EARLY CHILDHOOD CAMPUS,264,5581.488817,82,SAN ANTONIO ISD,242,KNOX EARLY CHILDHOOD CAMPUS,15907,BEXAR,BEXAR,98.44,15907242
378,15907.0,15907123,SAN ANTONIO ISD,FENWICK ACADEMY,441,9350.584494,82,SAN ANTONIO ISD,123,FENWICK EL,15907,BEXAR,BEXAR,73.39,15907123
379,15907.0,15907164,SAN ANTONIO ISD,SCHENCK EL,582,8320.376157,82,SAN ANTONIO ISD,164,SCHENCK EL,15907,BEXAR,BEXAR,65.29,15907164
380,15907.0,15907103,SAN ANTONIO ISD,CHARLES C BALL ACADEMY,596,8912.330769,82,SAN ANTONIO ISD,103,CHARLES C BALL EL,15907,BEXAR,BEXAR,76.82,15907103
381,15907.0,15907057,SAN ANTONIO ISD,ROGERS MIDDLE,424,10388.13562,82,SAN ANTONIO ISD,57,ROGERS MIDDLE,15907,BEXAR,BEXAR,44.21,15907057
382,15907.0,15907141,SAN ANTONIO ISD,ELOISE JAPHET ACADEMY,954,7431.694578,82,SAN ANTONIO ISD,141,ELOISE JAPHET EL,15907,BEXAR,BEXAR,69.89,15907141
383,15907.0,15907172,SAN ANTONIO ISD,WASHINGTON EL,376,12176.92225,82,SAN ANTONIO ISD,172,WASHINGTON EL,15907,BEXAR,BEXAR,82.82,15907172
384,15907.0,15907210,SAN ANTONIO ISD,MISSION ACADEMY,560,8989.12069,82,SAN ANTONIO ISD,210,MISSION ACADEMY,15907,BEXAR,BEXAR,55.56,15907210
385,15907.0,15907003,SAN ANTONIO ISD,EDISON H S,1545,9263.620511,82,SAN ANTONIO ISD,3,EDISON H S,15907,BEXAR,BEXAR,50.06,15907003
386,15907.0,15907147,SAN ANTONIO ISD,BOWDEN ACADEMY,521,8797.11706,82,SAN ANTONIO ISD,147,BOWDEN EL,15907,BEXAR,BEXAR,79.8,15907147
387,15907.0,15907175,SAN ANTONIO ISD,WOODLAWN ACADEMY,611,9229.563614,82,SAN ANTONIO ISD,175,WOODLAWN EL,15907,BEXAR,BEXAR,60.12,15907175
388,15907.0,15907153,SAN ANTONIO ISD,DORIE MILLER EL,266,10516.48902,82,SAN ANTONIO ISD,153,DORIE MILLER EL,15907,BEXAR,BEXAR,77.53,15907153
389,15907.0,15907007,SAN ANTONIO ISD,JEFFERSON H S,1621,9585.621131,82,SAN ANTONIO ISD,7,JEFFERSON H S,15907,BEXAR,BEXAR,48.05,15907007
390,15907.0,15907043,SAN ANTONIO ISD,DAVIS MIDDLE,602,9800.003705,82,SAN ANTONIO ISD,43,DAVIS MIDDLE,15907,BEXAR,BEXAR,73.6,15907043
391,15907.0,15907110,SAN ANTONIO ISD,J T BRACKENRIDGE EL,679,7659.533742,82,SAN ANTONIO ISD,110,J T BRACKENRIDGE EL,15907,BEXAR,BEXAR,91.03,15907110
392,15907.0,15907132,SAN ANTONIO ISD,HERFF ACADEMY,410,9787.034845,82,SAN ANTONIO ISD,132,HERFF EL,15907,BEXAR,BEXAR,75.17,15907132
393,15907.0,15907148,SAN ANTONIO ISD,MADISON EL,518,8346.1968,82,SAN ANTONIO ISD,148,MADISON EL,15907,BEXAR,BEXAR,72.48,15907148
394,15907.0,15907131,SAN ANTONIO ISD,ROBERT B GREEN ACADEMY,215,12368.2851,82,SAN ANTONIO ISD,131,ROBERT B GREEN EL,15907,BEXAR,BEXAR,69.66,15907131
395,15907.0,15907059,SAN ANTONIO ISD,WHITTIER MIDDLE,775,8629.701784,82,SAN ANTONIO ISD,59,WHITTIER MIDDLE,15907,BEXAR,BEXAR,58.39,15907059
396,15907.0,15907051,SAN ANTONIO ISD,LOWELL MIDDLE,371,11062.17706,82,SAN ANTONIO ISD,51,LOWELL MIDDLE,15907,BEXAR,BEXAR,69.49,15907051
397,15907.0,15907117,SAN ANTONIO ISD,AGNES COTTON ACADEMY,465,8908.036838,82,SAN ANTONIO ISD,117,AGNES COTTON EL,15907,BEXAR,BEXAR,74.34,15907117
398,15907.0,15907137,SAN ANTONIO ISD,HIRSCH EL,727,7959.019459,82,SAN ANTONIO ISD,137,HIRSCH EL,15907,BEXAR,BEXAR,81.49,15907137
399,15907.0,15907244,SAN ANTONIO ISD,TYNAN EARLY CHILDHOOD CAMPUS,241,6356.077573,82,SAN ANTONIO ISD,244,TYNAN EARLY CHILDHOOD CAMPUS,15907,BEXAR,BEXAR,99.17,15907244
400,15907.0,15907030,SAN ANTONIO ISD,TEXANS CAN ACADEMY AT HIGHLANDS H,188,1509.142992,82,SAN ANTONIO ISD,30,Texans Can Academy at Highlands HS,15907,BEXAR,BEXAR,,15907030
401,15907.0,15907105,SAN ANTONIO ISD,BASKIN EL,455,8514.586761,82,SAN ANTONIO ISD,105,BASKIN EL,15907,BEXAR,BEXAR,62.48,15907105
402,15907.0,15907023,SAN ANTONIO ISD,YOUNG WOMEN'S LEADERSHIP ACADEMY,495,9238.712302,82,SAN ANTONIO ISD,23,YOUNG WOMEN'S LEADERSHIP ACADEMY,15907,BEXAR,BEXAR,27.62,15907023
403,15907.0,15907174,SAN ANTONIO ISD,WILSON EL,443,8595.232037,82,SAN ANTONIO ISD,174,WILSON EL,15907,BEXAR,BEXAR,64.66,15907174
404,15907.0,15907124,SAN ANTONIO ISD,MURIEL FORBES ACADEMY,284,10091.0928,82,SAN ANTONIO ISD,124,MURIEL FORBES EL,15907,BEXAR,BEXAR,73.18,15907124
405,15907.0,15907165,SAN ANTONIO ISD,SMITH EL,318,13302.76062,82,SAN ANTONIO ISD,165,SMITH EL,15907,BEXAR,BEXAR,76.05,15907165
406,15907.0,15907142,SAN ANTONIO ISD,M L KING ACADEMY,329,10826.84208,82,SAN ANTONIO ISD,142,M L KING ACADEMY,15907,BEXAR,BEXAR,71.39,15907142
407,15907.0,15907180,SAN ANTONIO ISD,JT BRACKENRIDGE DAEP,9,34998.57089,82,SAN ANTONIO ISD,180,GONZALES ACHIEVEMENT CTR.,15907,BEXAR,BEXAR,84.21,15907180
408,15907.0,15907160,SAN ANTONIO ISD,RIVERSIDE PARK ACADEMY,420,9579.40819,82,SAN ANTONIO ISD,160,RIVERSIDE PARK EL,15907,BEXAR,BEXAR,78.24,15907160
409,94902.0,94902002,SCHERTZ-CIBOLO-U CITY ISD,ALLISON L STEELE E L C,85,14275.0332,449,SCHERTZ-CIBOLO-U CITY ISD,2,ALLISON STEELE ENHANCED LRNG CTR,94902,GUADALUPE,GUADALUPE,34.29,94902002
410,94902.0,94902042,SCHERTZ-CIBOLO-U CITY ISD,DOBIE J H,1255,6588.024953,449,SCHERTZ-CIBOLO-U CITY ISD,42,DOBIE J H,94902,GUADALUPE,GUADALUPE,12.14,94902042
411,94902.0,94902112,SCHERTZ-CIBOLO-U CITY ISD,GREEN VALLEY EL,705,7366.539502,449,SCHERTZ-CIBOLO-U CITY ISD,112,GREEN VALLEY ELEMENTARY,94902,GUADALUPE,GUADALUPE,21.91,94902112
412,94902.0,94902108,SCHERTZ-CIBOLO-U CITY ISD,LAURA INGALLS WILDER INT,804,7591.976969,449,SCHERTZ-CIBOLO-U CITY ISD,108,LAURA INGALLS WILDER INT,94902,GUADALUPE,GUADALUPE,28.82,94902108
413,94902.0,94902101,SCHERTZ-CIBOLO-U CITY ISD,WIEDERSTEIN EL,666,8168.796195,449,SCHERTZ-CIBOLO-U CITY ISD,101,WIEDERSTEIN EL,94902,GUADALUPE,GUADALUPE,19.65,94902101
414,94902.0,94902110,SCHERTZ-CIBOLO-U CITY ISD,WATTS EL,626,7786.824652,449,SCHERTZ-CIBOLO-U CITY ISD,110,WATTS EL,94902,GUADALUPE,GUADALUPE,20.62,94902110
415,94902.0,94902115,SCHERTZ-CIBOLO-U CITY ISD,CIBOLO VALLEY EL,986,7312.757138,449,SCHERTZ-CIBOLO-U CITY ISD,115,CIBOLO VALLEY EL,94902,GUADALUPE,GUADALUPE,15.25,94902115
416,94902.0,94902109,SCHERTZ-CIBOLO-U CITY ISD,BARBARA JORDAN INT,738,7820.599901,449,SCHERTZ-CIBOLO-U CITY ISD,109,BARBARA JORDAN INT,94902,GUADALUPE,GUADALUPE,13.39,94902109
417,94902.0,94902111,SCHERTZ-CIBOLO-U CITY ISD,NORMA J PASCHAL EL,695,7488.304807,449,SCHERTZ-CIBOLO-U CITY ISD,111,NORMA J PASCHAL ELEMENTARY,94902,GUADALUPE,GUADALUPE,13.07,94902111
418,94902.0,94902102,SCHERTZ-CIBOLO-U CITY ISD,ROSE GARDEN EL,632,7814.164457,449,SCHERTZ-CIBOLO-U CITY ISD,102,ROSE GARDEN EL,94902,GUADALUPE,GUADALUPE,38.64,94902102
419,94902.0,94902114,SCHERTZ-CIBOLO-U CITY ISD,ELAINE S SCHLATHER INT,802,7163.612945,449,SCHERTZ-CIBOLO-U CITY ISD,114,ELAINE S. SCHLATHER INTERMEDIATE SCHOOL,94902,GUADALUPE,GUADALUPE,13.38,94902114
420,94902.0,94902001,SCHERTZ-CIBOLO-U CITY ISD,SAMUEL CLEMENS H S,2629,7875.021219,449,SCHERTZ-CIBOLO-U CITY ISD,1,SAMUEL CLEMENS H S,94902,GUADALUPE,GUADALUPE,13.38,94902001
421,94902.0,94902003,SCHERTZ-CIBOLO-U CITY ISD,BYRON P STEELE II H S,2496,7400.639952,449,SCHERTZ-CIBOLO-U CITY ISD,3,BYRON P. STEELE II HIGH SCHOOL,94902,GUADALUPE,GUADALUPE,9.85,94902003
422,94902.0,94902041,SCHERTZ-CIBOLO-U CITY ISD,RAY D CORBETT J H,1148,7209.101547,449,SCHERTZ-CIBOLO-U CITY ISD,41,RAY D CORBETT J H,94902,GUADALUPE,GUADALUPE,21.78,94902041
423,94902.0,94902113,SCHERTZ-CIBOLO-U CITY ISD,JOHN A SIPPEL EL,766,7371.882965,449,SCHERTZ-CIBOLO-U CITY ISD,113,JOHN A. SIPPEL ELEMENTARY SCHOOL,94902,GUADALUPE,GUADALUPE,16.05,94902113
424,94902.0,94902103,SCHERTZ-CIBOLO-U CITY ISD,SCHERTZ EL,735,7935.120918,449,SCHERTZ-CIBOLO-U CITY ISD,103,SCHERTZ EL,94902,GUADALUPE,GUADALUPE,38.92,94902103
425,15909.0,15909041,SOMERSET ISD,SOMERSET J H,668,8167.901435,84,SOMERSET ISD,41,SOMERSET JUNIOR HIGH,15909,BEXAR,BEXAR,53.62,15909041
426,15909.0,15909101,SOMERSET ISD,SOMERSET EL,673,7914.75561,84,SOMERSET ISD,101,SOMERSET ELEMENTARY,15909,BEXAR,BEXAR,48.51,15909101
427,15909.0,15909103,SOMERSET ISD,SOMERSET EARLY CHILDHOOD EL,399,7403.393091,84,SOMERSET ISD,103,SOMERSET EARLY CHILDHOOD ELEMENTARY,15909,BEXAR,BEXAR,83.03,15909103
428,15909.0,15909001,SOMERSET ISD,SOMERSET H S,1079,9831.334274,84,SOMERSET ISD,1,SOMERSET HIGH SCHOOL,15909,BEXAR,BEXAR,40.25,15909001
429,15909.0,15909104,SOMERSET ISD,S/SGT MICHAEL P BARRERA VETERANS E,599,8600.216196,84,SOMERSET ISD,104,SGT MICHAEL P BARRERA VETERANS EL,15909,BEXAR,BEXAR,57.83,15909104
430,15909.0,15909006,SOMERSET ISD,SHIRLEEN ZACHARIAS EARLY CLGE LEAD,129,9651.876392,84,SOMERSET ISD,6,EARLY COLLEGE LEADERSHIP ACADEMY (ECLA),15909,BEXAR,BEXAR,40.0,15909006
431,15909.0,15909105,SOMERSET ISD,SAVANNAH HEIGHTS INT,609,7354.266395,84,SOMERSET ISD,105,SAVANNAH HEIGHTS INTER,15909,BEXAR,BEXAR,48.25,15909105
432,15908.0,15908042,SOUTH SAN ANTONIO ISD,ALAN B SHEPARD MIDDLE,566,8411.97458,83,SOUTH SAN ANTONIO ISD,42,ALAN B SHEPARD MIDDLE,15908,BEXAR,BEXAR,67.03,15908042
433,15908.0,15908104,SOUTH SAN ANTONIO ISD,HUTCHINS EL,525,7746.305403,83,SOUTH SAN ANTONIO ISD,104,HUTCHINS EL,15908,BEXAR,BEXAR,61.61,15908104
434,15908.0,15908108,SOUTH SAN ANTONIO ISD,FRANK MADLA EL,489,7187.658929,83,SOUTH SAN ANTONIO ISD,108,FRANK MADLA ELEMENTARY,15908,BEXAR,BEXAR,74.61,15908108
435,15908.0,15908044,SOUTH SAN ANTONIO ISD,ROBERT C ZAMORA MIDDLE,725,7480.626979,83,SOUTH SAN ANTONIO ISD,44,ROBERT C ZAMORA MIDDLE SCHOOL,15908,BEXAR,BEXAR,56.74,15908044
436,15908.0,15908107,SOUTH SAN ANTONIO ISD,PRICE EL,512,7877.843617,83,SOUTH SAN ANTONIO ISD,107,PRICE EL,15908,BEXAR,BEXAR,75.09,15908107
437,15908.0,15908112,SOUTH SAN ANTONIO ISD,MIGUEL CARRILLO JR EL,462,7910.479169,83,SOUTH SAN ANTONIO ISD,112,MIGUEL CARRILLO JR EL,15908,BEXAR,BEXAR,77.66,15908112
438,15908.0,15908113,SOUTH SAN ANTONIO ISD,ROY BENAVIDEZ EL,646,7595.582201,83,SOUTH SAN ANTONIO ISD,113,ROY BENAVIDEZ ELEMENTARY,15908,BEXAR,BEXAR,65.73,15908113
439,15908.0,15908001,SOUTH SAN ANTONIO ISD,SOUTH SAN ANTONIO H S,2616,8057.875918,83,SOUTH SAN ANTONIO ISD,1,SOUTH SAN ANTONIO H S,15908,BEXAR,BEXAR,51.72,15908001
440,15908.0,15908106,SOUTH SAN ANTONIO ISD,PALO ALTO EL,502,7648.86777,83,SOUTH SAN ANTONIO ISD,106,PALO ALTO EL,15908,BEXAR,BEXAR,72.43,15908106
441,15908.0,15908110,SOUTH SAN ANTONIO ISD,NEIL ARMSTRONG EL,410,8428.509166,83,SOUTH SAN ANTONIO ISD,110,NEIL ARMSTRONG EL,15908,BEXAR,BEXAR,75.18,15908110
442,15908.0,15908105,SOUTH SAN ANTONIO ISD,KINDRED EL,364,8626.382765,83,SOUTH SAN ANTONIO ISD,105,KINDRED EL,15908,BEXAR,BEXAR,77.59,15908105
443,15908.0,15908041,SOUTH SAN ANTONIO ISD,DWIGHT MIDDLE,627,8303.641962,83,SOUTH SAN ANTONIO ISD,41,DWIGHT MIDDLE,15908,BEXAR,BEXAR,71.29,15908041
444,15908.0,15908109,SOUTH SAN ANTONIO ISD,FIVE PALMS EL,489,7971.752998,83,SOUTH SAN ANTONIO ISD,109,FIVE PALMS ELEMENTARY,15908,BEXAR,BEXAR,77.62,15908109
445,15917.0,15917043,SOUTHSIDE ISD,LOSOYA MIDDLESCHOOL,NRD,NRD,92,SOUTHSIDE ISD,43,LOSOYA MIDDLE SCHOOL,15917,BEXAR,BEXAR,64.56,15917043
446,15917.0,15917107,SOUTHSIDE ISD,COLONEL MENCHACA EARLY CHILDHOOD C,684,7803.307548,92,SOUTHSIDE ISD,107,COLONEL MENCHACA EARLY CHILDHOOD CENTER,15917,BEXAR,BEXAR,0.0,15917107
447,15917.0,15917104,SOUTHSIDE ISD,HERITAGE EL,472,9488.678496,92,SOUTHSIDE ISD,104,SOUTHSIDE HERITAGE ELEMENTARY,15917,BEXAR,BEXAR,70.88,15917104
448,15917.0,15917041,SOUTHSIDE ISD,JULIUS L MATTHEY MIDDLE,837,8940.235297,92,SOUTHSIDE ISD,41,Julius L Matthey Middle School,15917,BEXAR,BEXAR,54.61,15917041
449,15917.0,15917001,SOUTHSIDE ISD,SOUTHSIDE H S,1597,9122.001469,92,SOUTHSIDE ISD,1,SOUTHSIDE H S,15917,BEXAR,BEXAR,43.87,15917001
450,15917.0,15917105,SOUTHSIDE ISD,FREEDOM EL,581,8170.526348,92,SOUTHSIDE ISD,105,FREEDOM ELEMENTARY,15917,BEXAR,BEXAR,63.04,15917105
451,15917.0,15917102,SOUTHSIDE ISD,W M PEARCE PRI,463,8939.643079,92,SOUTHSIDE ISD,102,W M PEARCE PRI,15917,BEXAR,BEXAR,63.06,15917102
452,15917.0,15917106,SOUTHSIDE ISD,JULIAN C GALLARDO EL,566,8750.246113,92,SOUTHSIDE ISD,106,JULIAN C. GALLARDO ELEMENTARY,15917,BEXAR,BEXAR,69.55,15917106
453,15912.0,15912041,SOUTHWEST ISD,RONALD E MCNAIR MIDDLE,738,9371.768538,87,SOUTHWEST ISD,41,RONALD E MCNAIR MIDDLE SCHOOL,15912,BEXAR,BEXAR,53.43,15912041
454,15912.0,15912102,SOUTHWEST ISD,SUN VALLEY EL,612,8254.138497,87,SOUTHWEST ISD,102,SUN VALLEY EL,15912,BEXAR,BEXAR,55.38,15912102
455,15912.0,15912106,SOUTHWEST ISD,HIDDEN COVE EL,526,8894.98415,87,SOUTHWEST ISD,106,HIDDEN COVE EL,15912,BEXAR,BEXAR,79.62,15912106
456,15912.0,15912042,SOUTHWEST ISD,SHARON CHRISTA MCAULIFFE MIDDLE,745,9460.102735,87,SOUTHWEST ISD,42,SHARON CHRISTA MCAULIFFE MIDDLE SCHOOL,15912,BEXAR,BEXAR,72.3,15912042
457,15912.0,15912108,SOUTHWEST ISD,ELM CREEK EL,690,8357.379119,87,SOUTHWEST ISD,108,ELM CREEK EL,15912,BEXAR,BEXAR,60.8,15912108
458,15912.0,15912105,SOUTHWEST ISD,SKY HARBOUR EL,589,8793.991296,87,SOUTHWEST ISD,105,SKY HARBOUR EL,15912,BEXAR,BEXAR,69.78,15912105
459,15912.0,15912101,SOUTHWEST ISD,SOUTHWEST EL,628,8727.393773,87,SOUTHWEST ISD,101,SOUTHWEST EL,15912,BEXAR,BEXAR,51.48,15912101
460,15912.0,15912044,SOUTHWEST ISD,FRANCIS R SCOBEE MIDDLE,904,8333.81629,87,SOUTHWEST ISD,44,FRANCIS R SCOBEE MIDDLE SCHOOL,15912,BEXAR,BEXAR,45.99,15912044
461,15912.0,15912001,SOUTHWEST ISD,SOUTHWEST H S,2016,9085.342132,87,SOUTHWEST ISD,1,SOUTHWEST H S,15912,BEXAR,BEXAR,43.22,15912001
462,15912.0,15912109,SOUTHWEST ISD,KRIEWALD RD EL,597,8583.264888,87,SOUTHWEST ISD,109,KRIEWALD RD EL,15912,BEXAR,BEXAR,54.87,15912109
463,15912.0,15912104,SOUTHWEST ISD,BOB HOPE EL,482,8732.754578,87,SOUTHWEST ISD,104,BOB HOPE EL,15912,BEXAR,BEXAR,59.95,15912104
464,15912.0,15912005,SOUTHWEST ISD,SOUTHWEST LEGACY H S,1867,8724.448544,87,SOUTHWEST ISD,5,SOUTHWEST LEGACY H S,15912,BEXAR,BEXAR,61.08,15912005
465,15912.0,15912045,SOUTHWEST ISD,JUDITH A RESNIK MIDDLE,870,8614.823047,87,SOUTHWEST ISD,45,JUDITH A RESNIK MIDDLE,15912,BEXAR,BEXAR,62.47,15912045
466,15912.0,15912110,SOUTHWEST ISD,SPICEWOOD PARK EL,483,8714.653446,87,SOUTHWEST ISD,110,SPICEWOOD PARK ELEMENTARHY,15912,BEXAR,BEXAR,75.52,15912110
467,15912.0,15912006,SOUTHWEST ISD,CAST STEM H S,138,15195.20521,87,SOUTHWEST ISD,6,CAST STEM HIGH SCHOOL,15912,BEXAR,BEXAR,,15912006
468,15912.0,15912103,SOUTHWEST ISD,INDIAN CREEK EL,589,8683.363113,87,SOUTHWEST ISD,103,INDIAN CREEK EL,15912,BEXAR,BEXAR,78.05,15912103
469,15912.0,15912111,SOUTHWEST ISD,MEDIO CREEK EL,608,9094.526526,87,SOUTHWEST ISD,111,MEDIO CREEK ELEMENTARY,15912,BEXAR,BEXAR,69.09,15912111
470,15912.0,15912107,SOUTHWEST ISD,BIG COUNTRY EL,651,8342.352037,87,SOUTHWEST ISD,107,BIG COUNTRY EL,15912,BEXAR,BEXAR,47.81,15912107
